name,v_nom,psse_name,station,jurisdiction,geocode_method
1031,110.0,BALRUNTAGH,BALRUNTAGH,IE,
10619,110.0,ARIGNA_T,ARIGNA_T,IE,
11260,220.0,GLENART,GLENART,IE,
11261,220.0,W_ARKLOW_OFF,ARKLOW_OFF,IE,
1151,110.0,BALLINKNOCKA,BALLINKNOCKA,IE,
1243,365.0,CELTIC,CELTIC,IE,
1244,380.0,CELTIC,CELTIC,IE,
1261,110.0,BALDONNELL,BALDONNELL,IE,
14013,110.0,SRAHNAKILLY,SRAHNAKILLY,IE,
14016,110.0,CROAGHAUN,CROAGHAUN,IE,
14619,110.0,BARRYM T,BARRYM,IE,
14720,220.0,NISA BELCAMP,NISA BELCAMP,IE,
1521,110.0,BOGTOWN,BOGTOWN,IE,
1531,110.0,BALLYADAM,BALLYADAM,IE,
16410,110.0,BALLYMONEEN,BALLYMONEEN,IE,
17420,220.0,DUBLIN ARRAY,DUBLIN ARRAY,IE,
1751,110.0,COOMNACLOHY,COOMNACLOHY,IE,
18010,110.0,COOKSTOWN A,COOKSTOWN A,IE,
18810,110.0,BALLYNADRIDE,BALLYNADRIDE,IE,
1911,110.0,CUILLEEN,CUILLEEN,IE,
2011,110.0,CORBETSTOWN,CORBETSTOWN,IE,
2061,110.0,CASTLETREASU,CASTLETREASU,IE,
2090,110.0,KNOCKRANNY A,KNOCKRANNY A,IE,
21210,110.0,COOLSHAMROGE,COOLSHAMROGE,IE,
2151,110.0,DROMBEG,DROMBEG,IE,
2191,110.0,DONORE,DONORE,IE,
2211,110.0,DENNISTOWN,DENNISTOWN,IE,
2231,110.0,DERRYBRIEN,DERRYBRIEN,IE,
2271,110.0,DERRYLAHAN,DERRYLAHAN,IE,
2281,110.0,DALTON_A1,DALTON_A1,IE,
22811,110.0,DALTON_A2,DALTON_A2,IE,
22861,110.0,DALT_CAP,DALT,IE,
23019,110.0,DUNFIR_T,DUNFIR_T,IE,
2312,220.0,DERRYGREENAG,DERRYGREENAG,IE,
2331,110.0,FERRY VIEW,FERRY VIEW,IE,
2341,110.0,CAHERHURLY,CAHERHURLY,IE,
2351,110.0,EFFERNOGE,EFFERNOGE,IE,
2441,110.0,BELLEWSTOWN,BELLEWSTOWN,IE,
2481,110.0,FASS EAST,FASS EAST,IE,
24819,110.0,FASSAROE_T,FASSAROE_T,IE,
2491,110.0,FASS WEST,FASS WEST,IE,
2541,110.0,FRN ST A,FRN ST A,IE,
2551,110.0,FRN ST B,FRN ST B,IE,
2581,110.0,FINGLAS B5,FINGLAS B5,IE,
2601,110.0,FIRLOUGH,FIRLOUGH,IE,
2641,110.0,GRAHOMICK,GRAHOMICK,IE,
2651,110.0,GARRINTAGGAR,GARRINTAGGAR,IE,
2661,110.0,AGHALEAGUE,AGHALEAGUE,IE,
2712,220.0,GLANSILLAGH,GLANSILLAGH,IE,
27219,110.0,GRFRAT T,GRFRAT,IE,
27460,220.0,GI_OFFSHORE,GI_OFFSHORE,IE,
2892,220.0,GLENCLOOSAGH,GLENCLOOSAGH,IE,
2921,110.0,HARRISTOWN,HARRISTOWN,IE,
2931,110.0,WALTERSTOWN,WALTERSTOWN,IE,
2972,220.0,HUNTSTOWN 2,HUNTSTOWN 2,IE,
3111,110.0,BALLYNABRANN,BALLYNABRANN,IE,
3181,110.0,KILLINSKYDUF,KILLINSKYDUF,IE,
32060,220.0,KNOCKRAHA OF,KNOCKRAHA OF,IE,
33410,110.0,BENDINSTOWN,BENDINSTOWN,IE,
3361,110.0,LAURENCETOWN,LAURENCETOWN,IE,
3441,110.0,KILVINOGE,KILVINOGE,IE,
3481,110.0,COOLNANOONAG,COOLNANOONAG,IE,
3491,110.0,LISLEA,LISLEA,IE,
3501,110.0,LANESBORO_A1,LANESBORO_A1,IE,
35011,110.0,LANESBORO_A2,LANESBORO_A2,IE,
3511,110.0,LICKNY,LICKNY,IE,
3550,110.0,COOLNABACKY_,COOLNABACKY_,IE,
3551,110.0,COOLNABACKY,COOLNABACKY,IE,
3554,380.0,COOLNABACKY,COOLNABACKY,IE,
3601,110.0,LIBERTY ST,LIBERTY ST,IE,
3611,110.0,LIBERTY ST,LIBERTY ST,IE,
3631,110.0,FREAGH,FREAGH,IE,
3691,110.0,LAGHTANVACK,LAGHTANVACK,IE,
3841,110.0,MAYNOOTH A,MAYNOOTH A,IE,
3842,220.0,MAYNOOTH A,MAYNOOTH A,IE,
3851,110.0,MAYNOOTH B,MAYNOOTH B,IE,
3852,220.0,MAYNOOTH B,MAYNOOTH B,IE,
3911,110.0,METRO AIRPOR,METRO AIRPOR,IE,
3921,110.0,METRO NORTH,METRO NORTH,IE,
39420,220.0,W_SKERD ROCK,SKERD ROCK,IE,
39444,380.0,MPTSERIESCAP,MPTSERIESCAP,IE,
3981,110.0,MUNGRET A,MUNGRET A,IE,
3991,110.0,MUNGRET B,MUNGRET B,IE,
4012,220.0,MOORETOWN,MOORETOWN,IE,
4121,110.0,MULGEETH,MULGEETH,IE,
4321,110.0,OAKLANDS,OAKLANDS,IE,
4341,110.0,OLDCOURT,OLDCOURT,IE,
4351,110.0,OLDCOURT,OLDCOURT,IE,
43619,110.0,OUTAGH T,OUTAGH,IE,
43844,380.0,OLDSERIESCAP,OLDSERIESCAP,IE,
4451,110.0,POLLAHONEY,POLLAHONEY,IE,
4461,110.0,POOLBEG,POOLBEG,IE,
4462,220.0,POOLBEG NORT,POOLBEG NORT,IE,
44661,220.0,PBEG REACTOR,PBEG REACTOR,IE,
44662,220.0,PBEG REACTOR,PBEG REACTOR,IE,
4471,110.0,POOLBEG,POOLBEG,IE,
4472,220.0,POOLBEG SOUT,POOLBEG SOUT,IE,
44731,220.0,CODLING 1,CODLING 1,IE,
44732,220.0,CODLING 2,CODLING 2,IE,
44733,220.0,CODLING 3,CODLING 3,IE,
4481,110.0,PORTLAOISE,PORTLAOISE,IE,
4662,220.0,RATHCOBICAN,RATHCOBICAN,IE,
4664,380.0,RATHCOBICAN,RATHCOBICAN,IE,
4671,110.0,RAPPAREEHILL,RAPPAREEHILL,IE,
4922,220.0,SOUTHBANK,SOUTHBANK,IE,
4971,110.0,SHANONAGH,SHANONAGH,IE,
50019,110.0,SOMRST T,SOMRST,IE,
5051,110.0,SEAL ROCK,SEAL ROCK,IE,
50619,110.0,STRATF T,STRATF,IE,
5071,110.0,SEAL ROCK,SEAL ROCK,IE,
51911,110.0,CROAGHONAGH,CROAGHONAGH,IE,
52219,110.0,TULBRK T,TULBRK,IE,
5251,110.0,TAWN_B,TAWN_B,IE,
5331,110.0,YELLOWMEADOW,YELLOWMEADOW,IE,
5351,110.0,TIMONEY,TIMONEY,IE,
66096,110.0,UPPERCHURCH,UPPERCHURCH,IE,
66121,220.0,ORIEL,ORIEL,IE,
66122,220.0,ORIEL LANDIN,ORIEL LANDIN,IE,
66123,220.0,ORIEL OFFSHO,ORIEL OFFSHO,IE,
68090,110.0,KNOCKNAMONA,KNOCKNAMONA,IE,
70111,110.0,AIRP,AIRP,NI,
70112,110.0,AIRP1B,AIRP1,NI,
72021,110.0,TBESS,TBESS,NI,
73510,110.0,GARVAGH NI,GARVAGH NI,NI,
75610,110.0,AUGHT,AUGHT,NI,
75611,110.0,CULMORE_RD,CULMORE_RD,NI,
76513,110.0,DONE1D,DONE1D,NI,
77010,110.0,DRUM1-,DRUM1,NI,
77211,110.0,CURR_WF,CURR_WF,NI,
77212,110.0,WIND_PT,WIND_PT,NI,
79510,110.0,CAM,CAM,NI,
80511,110.0,GLEN1A,GLEN1,NI,
80512,110.0,GLEN1B,GLEN1,NI,
81031,110.0,COLINGLEN_BE,COLINGLEN_BE,NI,
81512,110.0,KELL_WIND2,KELL_WIND2,NI,
81810,110.0,KILL1-CL,KILL1-CL,NI,
85510,110.0,MAKL1-CL,MAKL1-CL,NI,
86221,275.0,SCOTLAND,SCOTLAND,NI,
87900,110.0,RASHARK1,RASHARK1,NI,
87901,110.0,T_GOWANGIS,T_GOWANGIS,NI,
89210,110.0,SKRK1-,SKRK1,NI,
90210,110.0,TREM,TREM,NI,
GB_EWIC,260.0,EWIC far terminal,EWIC,XX,
GB_GREENLINK,150.0,Greenlink far terminal,GREENLINK,XX,
star:1072-1041-10421-2,220.0,star of 1072-1041-10421-2,STAR,--,
star:1122-1121-11221-1,220.0,star of 1122-1121-11221-1,STAR,--,
star:1122-1121-11222-2,220.0,star of 1122-1121-11222-2,STAR,--,
star:1212-1211-12121-1,220.0,star of 1212-1211-12121-1,STAR,--,
star:1212-12111-12122-2,220.0,star of 1212-12111-12122-2,STAR,--,
star:1244-1243-12402-1,380.0,star of 1244-1243-12402-1,STAR,--,
star:1472-1471-14721-1,220.0,star of 1472-1471-14721-1,STAR,--,
star:1472-1471-14722-2,220.0,star of 1472-1471-14722-2,STAR,--,
star:1474-1472-14723-1,380.0,star of 1474-1472-14723-1,STAR,--,
star:1602-1601-16022-1,220.0,star of 1602-1601-16022-1,STAR,--,
star:1602-16011-16021-1,220.0,star of 1602-16011-16021-1,STAR,--,
star:1642-1641-16421-1,220.0,star of 1642-1641-16421-1,STAR,--,
star:1642-1641-16422-2,220.0,star of 1642-1641-16422-2,STAR,--,
star:1642-16411-16424-4,220.0,star of 1642-16411-16424-4,STAR,--,
star:1742-1741-17421-1,220.0,star of 1742-1741-17421-1,STAR,--,
star:1742-1741-17422-2,220.0,star of 1742-1741-17422-2,STAR,--,
star:1742-17411-17423-3,220.0,star of 1742-17411-17423-3,STAR,--,
star:1742-17411-17424-4,220.0,star of 1742-17411-17424-4,STAR,--,
star:2002-2001-20021-1,220.0,star of 2002-2001-20021-1,STAR,--,
star:2042-2041-20421-1,220.0,star of 2042-2041-20421-1,STAR,--,
star:2042-20416-20424-4,220.0,star of 2042-20416-20424-4,STAR,--,
star:2052-2041-20422-2,220.0,star of 2052-2041-20422-2,STAR,--,
star:2204-2202-22021-1,380.0,star of 2204-2202-22021-1,STAR,--,
star:2204-2202-22022-2,380.0,star of 2204-2202-22022-2,STAR,--,
star:2204-2212-22023-3,380.0,star of 2204-2212-22023-3,STAR,--,
star:2522-2521-25221-1,220.0,star of 2522-2521-25221-1,STAR,--,
star:2522-2521-25222-2,220.0,star of 2522-2521-25222-2,STAR,--,
star:2562-2561-25621-1,220.0,star of 2562-2561-25621-1,STAR,--,
star:2562-2571-25622-2,220.0,star of 2562-2571-25622-2,STAR,--,
star:2563-2561-25624-4,220.0,star of 2563-2561-25624-4,STAR,--,
star:2563-2571-25625-5,220.0,star of 2563-2571-25625-5,STAR,--,
star:2742-2741-27421-1,220.0,star of 2742-2741-27421-1,STAR,--,
star:2742-2741-27422-2,220.0,star of 2742-2741-27422-2,STAR,--,
star:2842-2841-28421-1,220.0,star of 2842-2841-28421-1,STAR,--,
star:3082-3081-30822-2,220.0,star of 3082-3081-30822-2,STAR,--,
star:3082-3091-30824-4,220.0,star of 3082-3091-30824-4,STAR,--,
star:30820-3081-30821-1,220.0,star of 30820-3081-30821-1,STAR,--,
star:30820-3091-30826-3,220.0,star of 30820-3091-30826-3,STAR,--,
star:3192-3191-31922-1,220.0,star of 3192-3191-31922-1,STAR,--,
star:3192-31911-31927-2,220.0,star of 3192-31911-31927-2,STAR,--,
star:3202-3201-32021-1,220.0,star of 3202-3201-32021-1,STAR,--,
star:3203-3209-32022-2,220.0,star of 3203-3209-32022-2,STAR,--,
star:3204-3202-32081-1,380.0,star of 3204-3202-32081-1,STAR,--,
star:3282-3281-32823-3,220.0,star of 3282-3281-32823-3,STAR,--,
star:3282-32810-32824-4,220.0,star of 3282-32810-32824-4,STAR,--,
star:3332-3331-33321-1,220.0,star of 3332-3331-33321-1,STAR,--,
star:3332-3331-33323-3,220.0,star of 3332-3331-33323-3,STAR,--,
star:3342-3341-33421-1,220.0,star of 3342-3341-33421-1,STAR,--,
star:3342-3341-33422-2,220.0,star of 3342-3341-33422-2,STAR,--,
star:3462-3461-34621-1,220.0,star of 3462-3461-34621-1,STAR,--,
star:3462-3461-34622-2,220.0,star of 3462-3461-34622-2,STAR,--,
star:3464-3462-34641-1,380.0,star of 3464-3462-34641-1,STAR,--,
star:3472-3471-34721-1,220.0,star of 3472-3471-34721-1,STAR,--,
star:3472-3471-34722-2,220.0,star of 3472-3471-34722-2,STAR,--,
star:3472-3471-34723-3,220.0,star of 3472-3471-34723-3,STAR,--,
star:3472-3471-34724-4,220.0,star of 3472-3471-34724-4,STAR,--,
star:3522-3521-35221-1,220.0,star of 3522-3521-35221-1,STAR,--,
star:3522-3521-35223-3,220.0,star of 3522-3521-35223-3,STAR,--,
star:3522-35211-35222-2,220.0,star of 3522-35211-35222-2,STAR,--,
star:3522-35211-35224-4,220.0,star of 3522-35211-35224-4,STAR,--,
star:3522-35231-35236-1,220.0,star of 3522-35231-35236-1,STAR,--,
star:3522-35231-35238-3,220.0,star of 3522-35231-35238-3,STAR,--,
star:3522-35232-35237-2,220.0,star of 3522-35232-35237-2,STAR,--,
star:3554-3550-35542-2,380.0,star of 3554-3550-35542-2,STAR,--,
star:3554-3551-35541-1,380.0,star of 3554-3551-35541-1,STAR,--,
star:3642-3641-36421-1,220.0,star of 3642-3641-36421-1,STAR,--,
star:3842-3851-38423-3,220.0,star of 3842-3851-38423-3,STAR,--,
star:3842-3851-38424-4,220.0,star of 3842-3851-38424-4,STAR,--,
star:3852-3841-38421-1,220.0,star of 3852-3841-38421-1,STAR,--,
star:3852-3841-38422-2,220.0,star of 3852-3841-38422-2,STAR,--,
star:3934-3942-39402-1,380.0,star of 3934-3942-39402-1,STAR,--,
star:3940-3941-39423-1,220.0,star of 3940-3941-39423-1,STAR,--,
star:3954-3942-39421-2,380.0,star of 3954-3942-39421-2,STAR,--,
star:4384-4382-43821-1,380.0,star of 4384-4382-43821-1,STAR,--,
star:4472-4461-44623-3,220.0,star of 4472-4461-44623-3,STAR,--,
star:4472-4471-44624-4,220.0,star of 4472-4471-44624-4,STAR,--,
star:4664-4662-46621-1,380.0,star of 4664-4662-46621-1,STAR,--,
star:4664-4662-46622-2,380.0,star of 4664-4662-46622-2,STAR,--,
star:4722-4721-47221-1,220.0,star of 4722-4721-47221-1,STAR,--,
star:4722-47210-47222-2,220.0,star of 4722-47210-47222-2,STAR,--,
star:4942-4941-49422-2,220.0,star of 4942-4941-49422-2,STAR,--,
star:4943-4941-49421-1,220.0,star of 4943-4941-49421-1,STAR,--,
star:5042-5041-50421-1,220.0,star of 5042-5041-50421-1,STAR,--,
star:5142-51410-51422-2,220.0,star of 5142-51410-51422-2,STAR,--,
star:5464-5462-54621-1,380.0,star of 5464-5462-54621-1,STAR,--,
star:5464-5462-54624-4,380.0,star of 5464-5462-54624-4,STAR,--,
star:5464-54622-54623-2,380.0,star of 5464-54622-54623-2,STAR,--,
star:70510-70520-70561-1,110.0,star of 70510-70520-70561-1,STAR,--,
star:70510-70520-70562-1,110.0,star of 70510-70520-70562-1,STAR,--,
star:74511-74520-74562-1,110.0,star of 74511-74520-74562-1,STAR,--,
star:74511-74520-74564-1,110.0,star of 74511-74520-74564-1,STAR,--,
star:74512-74520-74563-1,110.0,star of 74512-74520-74563-1,STAR,--,
star:75510-75520-75561-1,110.0,star of 75510-75520-75561-1,STAR,--,
star:75511-75520-75562-1,110.0,star of 75511-75520-75562-1,STAR,--,
star:81010-81020-81061-1,110.0,star of 81010-81020-81061-1,STAR,--,
star:81010-81020-81062-1,110.0,star of 81010-81020-81062-1,STAR,--,
star:81011-81020-81063-1,110.0,star of 81011-81020-81063-1,STAR,--,
star:81510-81520-81561-1,110.0,star of 81510-81520-81561-1,STAR,--,
star:81510-81520-81562-1,110.0,star of 81510-81520-81562-1,STAR,--,
star:90011-90020-90061-1,110.0,star of 90011-90020-90061-1,STAR,--,
star:90011-90020-90062-1,110.0,star of 90011-90020-90062-1,STAR,--,
star:90012-90020-90063-1,110.0,star of 90012-90020-90063-1,STAR,--,
star:90310-90320-90361-1,110.0,star of 90310-90320-90361-1,STAR,--,
star:90310-90320-90362-1,110.0,star of 90310-90320-90362-1,STAR,--,
star:90420-90440-90461-1,275.0,star of 90420-90440-90461-1,STAR,--,
star:90420-90440-90462-1,275.0,star of 90420-90440-90462-1,STAR,--,
star:90420-90440-90463-1,275.0,star of 90420-90440-90463-1,STAR,--,
