name,psse_name,station,v_nom,x,y,geocode_method,reason,osm_found,osm_lon,osm_lat,osm_display_name,osm_type,osm_category,osm_id,osm_url,review_status
1031,BALRUNTAGH,BALRUNTAGH,110.0,0.0,0.0,,"coordinates are (0, 0)",True,-6.8525868,53.657617,"Balruntagh, Rathmore ED, The Municipal District of Kells, County Meath, Leinster, Éire / Ireland",administrative,boundary,4672607.0,https://www.openstreetmap.org/relation/4672607,candidate
10619,ARIGNA_T,ARIGNA_T,110.0,0.0,0.0,,"coordinates are (0, 0)",True,-8.1077103,54.0768541,"Arigna, Boyle Municipal District, County Roscommon, Connacht, Éire / Ireland",village,place,52253009.0,https://www.openstreetmap.org/node/52253009,candidate
11260,GLENART,GLENART,220.0,0.0,0.0,,"coordinates are (0, 0)",True,-6.1976475,52.8114425,"Glenart, Arklow Rural ED, The Municipal District of Arklow, County Wicklow, Leinster, Éire / Ireland",administrative,boundary,4505680.0,https://www.openstreetmap.org/relation/4505680,candidate
11261,W_ARKLOW_OFF,ARKLOW_OFF,220.0,0.0,0.0,,"coordinates are (0, 0)",False,,,,,,,,not found
1151,BALLINKNOCKA,BALLINKNOCKA,110.0,0.0,0.0,,"coordinates are (0, 0)",False,,,,,,,,not found
1243,CELTIC,CELTIC,365.0,0.0,0.0,,"coordinates are (0, 0)",True,-8.1277801,52.9948763,"Celtic, L1100, Borrisokane, The Municipal District of Nenagh, County Tipperary, Munster, Éire / Ireland",bookmaker,shop,916214629.0,https://www.openstreetmap.org/node/916214629,candidate
1244,CELTIC,CELTIC,380.0,0.0,0.0,,"coordinates are (0, 0)",True,-8.1277801,52.9948763,"Celtic, L1100, Borrisokane, The Municipal District of Nenagh, County Tipperary, Munster, Éire / Ireland",bookmaker,shop,916214629.0,https://www.openstreetmap.org/node/916214629,candidate
1261,BALDONNELL,BALDONNELL,110.0,0.0,0.0,,"coordinates are (0, 0)",True,-6.4308799,53.3076629,"Baldonnell Lower, Clondalkin Village DED 1986, Clondalkin, South Dublin, County Dublin, Leinster, D22 E2F6, Éire / Ireland",administrative,boundary,4545176.0,https://www.openstreetmap.org/relation/4545176,candidate
14013,SRAHNAKILLY,SRAHNAKILLY,110.0,0.0,0.0,,"coordinates are (0, 0)",True,-9.566667,54.1475,"Srahnakilly, Sheskin ED, Westport-Belmullet Municipal District, County Mayo, Connacht, Éire / Ireland",administrative,boundary,6096215.0,https://www.openstreetmap.org/relation/6096215,candidate
14016,CROAGHAUN,CROAGHAUN,110.0,0.0,0.0,,"coordinates are (0, 0)",True,-10.1965449,53.9841026,"Croaghaun, Westport-Belmullet Municipal District, County Mayo, Connacht, Éire / Ireland",peak,natural,332372610.0,https://www.openstreetmap.org/node/332372610,candidate
14619,BARRYM T,BARRYM,110.0,0.0,0.0,,"coordinates are (0, 0)",False,,,,,,,,not found
14720,NISA BELCAMP,NISA BELCAMP,220.0,0.0,0.0,,"coordinates are (0, 0)",False,,,,,,,,not found
1521,BOGTOWN,BOGTOWN,110.0,0.0,0.0,,"coordinates are (0, 0)",True,-9.354167,54.307778,"Bogtown, Ballina Municipal District, County Mayo, Connacht, Éire / Ireland",village,place,52253552.0,https://www.openstreetmap.org/node/52253552,candidate
1531,BALLYADAM,BALLYADAM,110.0,0.0,0.0,,"coordinates are (0, 0)",True,-8.4315177,52.5817922,"Ballyadam, Caherconlish East, The Municipal District of Cappamore — Kilmallock, County Limerick, Munster, Éire / Ireland",administrative,boundary,6004862.0,https://www.openstreetmap.org/relation/6004862,candidate
16410,BALLYMONEEN,BALLYMONEEN,110.0,0.0,0.0,,"coordinates are (0, 0)",True,-8.8592659,53.3336414,"Ballymoneen, Lisheenavalla ED, Athenry-Oranmore Municipal District, County Galway, Connacht, Éire / Ireland",administrative,boundary,6227427.0,https://www.openstreetmap.org/relation/6227427,candidate
17420,DUBLIN ARRAY,DUBLIN ARRAY,220.0,0.0,0.0,,"coordinates are (0, 0)",False,,,,,,,,not found
1751,COOMNACLOHY,COOMNACLOHY,110.0,0.0,0.0,,"coordinates are (0, 0)",True,-9.1696155,51.9708873,"Com na Cloiche, Slievereagh, Municipal District of Macroom, County Cork, Munster, Éire / Ireland",administrative,boundary,6141594.0,https://www.openstreetmap.org/relation/6141594,candidate
18010,COOKSTOWN A,COOKSTOWN A,110.0,0.0,0.0,,"coordinates are (0, 0)",True,-6.7476543,54.6521209,"Northern Ireland Housing Executive, Morgans Hill Road, Cookstown, Mid-Ulster District Council, County Tyrone, Northern Ireland / Tuaisceart Éireann, BT80 8BH, United Kingdom",government,office,1554743139.0,https://www.openstreetmap.org/way/1554743139,candidate
18810,BALLYNADRIDE,BALLYNADRIDE,110.0,0.0,0.0,,"coordinates are (0, 0)",False,,,,,,,,not found
1911,CUILLEEN,CUILLEEN,110.0,0.0,0.0,,"coordinates are (0, 0)",True,-9.1055856,53.4563469,"Cuilleen, Headford ED, Tuam Municipal District, County Galway, Connacht, Éire / Ireland",administrative,boundary,4053130.0,https://www.openstreetmap.org/relation/4053130,candidate
2011,CORBETSTOWN,CORBETSTOWN,110.0,0.0,0.0,,"coordinates are (0, 0)",True,-7.2388491,52.7403073,"Corbetstown, Muckalee, The Municipal District of Castlecomer, County Kilkenny, Leinster, Éire / Ireland",administrative,boundary,4778467.0,https://www.openstreetmap.org/relation/4778467,candidate
2061,CASTLETREASU,CASTLETREASU,110.0,0.0,0.0,,"coordinates are (0, 0)",False,,,,,,,,not found
2090,KNOCKRANNY A,KNOCKRANNY A,110.0,0.0,0.0,,"coordinates are (0, 0)",True,-9.5069063,53.7979058,"Knockranny, Westport Urban ED, Westport-Belmullet Municipal District, County Mayo, Connacht, F28 X521, Éire / Ireland",administrative,boundary,5955882.0,https://www.openstreetmap.org/relation/5955882,candidate
21210,COOLSHAMROGE,COOLSHAMROGE,110.0,0.0,0.0,,"coordinates are (0, 0)",True,-8.8944058,52.8154023,"Coolshamroge, Doora ED, Ennis Municipal District, County Clare, Munster, Éire / Ireland",administrative,boundary,6238700.0,https://www.openstreetmap.org/relation/6238700,candidate
2151,DROMBEG,DROMBEG,110.0,0.0,0.0,,"coordinates are (0, 0)",True,-8.637075,52.4787817,"Drombeg, Crean, The Municipal District of Cappamore — Kilmallock, County Limerick, Munster, Éire / Ireland",administrative,boundary,6043979.0,https://www.openstreetmap.org/relation/6043979,candidate
2191,DONORE,DONORE,110.0,0.0,0.0,,"coordinates are (0, 0)",True,-6.4167748,53.6923216,"Donore, The Municipal District of Laytown — Bettystown, County Meath, Leinster, Éire / Ireland",village,place,14612741.0,https://www.openstreetmap.org/relation/14612741,candidate
2211,DENNISTOWN,DENNISTOWN,110.0,0.0,0.0,,"coordinates are (0, 0)",True,-6.5108957,52.279819,"Dennistown, Rathaspick ED, The Borough District of Wexford, County Wexford, Leinster, Éire / Ireland",administrative,boundary,4150646.0,https://www.openstreetmap.org/relation/4150646,candidate
2231,DERRYBRIEN,DERRYBRIEN,110.0,0.0,0.0,,"coordinates are (0, 0)",True,-8.6129859,53.0659806,"Derrybrien, Derrylaur ED, Loughrea Municipal District, County Galway, Connacht, Éire / Ireland",hamlet,place,52252705.0,https://www.openstreetmap.org/node/52252705,candidate
2271,DERRYLAHAN,DERRYLAHAN,110.0,0.0,0.0,,"coordinates are (0, 0)",True,-10.0159501,53.5640938,"Derrylahan, Conamara Municipal District, County Galway, Connacht, Éire / Ireland",peak,natural,9911354549.0,https://www.openstreetmap.org/node/9911354549,candidate
2281,DALTON_A1,DALTON_A1,110.0,0.0,0.0,,"coordinates are (0, 0)",True,-8.9998398,53.2892695,"Dalton House, The Meadows, Ballybrit, Cathair na Gaillimhe, County Galway, Connacht, Éire / Ireland",residential,highway,208356605.0,https://www.openstreetmap.org/way/208356605,candidate
22811,DALTON_A2,DALTON_A2,110.0,0.0,0.0,,"coordinates are (0, 0)",True,-8.9998398,53.2892695,"Dalton House, The Meadows, Ballybrit, Cathair na Gaillimhe, County Galway, Connacht, Éire / Ireland",residential,highway,208356605.0,https://www.openstreetmap.org/way/208356605,candidate
22861,DALT_CAP,DALT,110.0,0.0,0.0,,"coordinates are (0, 0)",False,,,,,,,,not found
23019,DUNFIR_T,DUNFIR_T,110.0,0.0,0.0,,"coordinates are (0, 0)",False,,,,,,,,not found
2312,DERRYGREENAG,DERRYGREENAG,220.0,0.0,0.0,,"coordinates are (0, 0)",False,,,,,,,,not found
2331,FERRY VIEW,FERRY VIEW,110.0,0.0,0.0,,"coordinates are (0, 0)",True,-8.3225656,51.8290835,"Ferry View, Carrigaline ED, Municipal District of Carrigaline, County Cork, Munster, Éire / Ireland",residential,highway,29413711.0,https://www.openstreetmap.org/way/29413711,candidate
2341,CAHERHURLY,CAHERHURLY,110.0,0.0,0.0,,"coordinates are (0, 0)",True,-8.5569332,52.8666858,"Caherhurly, Caherhurley ED, Killaloe Municipal District, County Clare, Munster, Éire / Ireland",administrative,boundary,6226637.0,https://www.openstreetmap.org/relation/6226637,candidate
2351,EFFERNOGE,EFFERNOGE,110.0,0.0,0.0,,"coordinates are (0, 0)",True,-6.4746545,52.5697993,"Effernoge, Tinnacross ED, The Municipal District of Gorey — Kilmuckridge, County Wexford, Leinster, Éire / Ireland",administrative,boundary,2564868.0,https://www.openstreetmap.org/relation/2564868,candidate
2441,BELLEWSTOWN,BELLEWSTOWN,110.0,0.0,0.0,,"coordinates are (0, 0)",True,-6.3486621,53.6454553,"Bellewstown, The Municipal District of Ashbourne, County Meath, Leinster, Éire / Ireland",village,place,52218266.0,https://www.openstreetmap.org/node/52218266,candidate
2481,FASS EAST,FASS EAST,110.0,0.0,0.0,,"coordinates are (0, 0)",False,,,,,,,,not found
24819,FASSAROE_T,FASSAROE_T,110.0,0.0,0.0,,"coordinates are (0, 0)",True,-6.1448776,53.1964419,"Fassaroe, Ballywaltrim, Kilmacanoge ED, The Municipal District of Bray, County Wicklow, Leinster, Éire / Ireland",administrative,boundary,3908578.0,https://www.openstreetmap.org/relation/3908578,candidate
2491,FASS WEST,FASS WEST,110.0,0.0,0.0,,"coordinates are (0, 0)",False,,,,,,,,not found
2541,FRN ST A,FRN ST A,110.0,0.0,0.0,,"coordinates are (0, 0)",False,,,,,,,,not found
2551,FRN ST B,FRN ST B,110.0,0.0,0.0,,"coordinates are (0, 0)",False,,,,,,,,not found
2581,FINGLAS B5,FINGLAS B5,110.0,0.0,0.0,,"coordinates are (0, 0)",True,-6.296944,53.389167,"Finglas, Ballygall A Ward 1986, Dublin, County Dublin, Leinster, Éire / Ireland",suburb,place,52242583.0,https://www.openstreetmap.org/node/52242583,candidate
2601,FIRLOUGH,FIRLOUGH,110.0,0.0,0.0,,"coordinates are (0, 0)",False,,,,,,,,not found
2641,GRAHOMICK,GRAHOMICK,110.0,0.0,0.0,,"coordinates are (0, 0)",False,,,,,,,,not found
2651,GARRINTAGGAR,GARRINTAGGAR,110.0,0.0,0.0,,"coordinates are (0, 0)",False,,,,,,,,not found
2661,AGHALEAGUE,AGHALEAGUE,110.0,0.0,0.0,,"coordinates are (0, 0)",True,-9.3555927,54.2553325,"Aghaleague, Ballina Municipal District, County Mayo, Connacht, Éire / Ireland",peak,natural,332373528.0,https://www.openstreetmap.org/node/332373528,candidate
2712,GLANSILLAGH,GLANSILLAGH,220.0,0.0,0.0,,"coordinates are (0, 0)",True,-9.431927,52.5593413,"Glansillagh, Tarmon ED, Listowel Municipal District, County Kerry, Munster, Éire / Ireland",administrative,boundary,6266585.0,https://www.openstreetmap.org/relation/6266585,candidate
27219,GRFRAT T,GRFRAT,110.0,0.0,0.0,,"coordinates are (0, 0)",False,,,,,,,,not found
27460,GI_OFFSHORE,GI_OFFSHORE,220.0,0.0,0.0,,"coordinates are (0, 0)",False,,,,,,,,not found
2892,GLENCLOOSAGH,GLENCLOOSAGH,220.0,0.0,0.0,,"coordinates are (0, 0)",True,-9.4087297,52.5835192,"Glencloosagh Bay, Tarbert ED, Listowel Municipal District, County Kerry, Munster, Éire / Ireland",bay,natural,2000679979.0,https://www.openstreetmap.org/node/2000679979,candidate
2921,HARRISTOWN,HARRISTOWN,110.0,0.0,0.0,,"coordinates are (0, 0)",True,-6.2902279,53.4226692,"Harristown, Saint Margaret’s, Dubber DED 1986, Fingal, County Dublin, Leinster, Éire / Ireland",administrative,boundary,5436202.0,https://www.openstreetmap.org/relation/5436202,candidate
2931,WALTERSTOWN,WALTERSTOWN,110.0,0.0,0.0,,"coordinates are (0, 0)",True,-6.5540602,53.611343,"Walterstown, The Municipal District of Ashbourne, County Meath, Leinster, Éire / Ireland",village,place,52230629.0,https://www.openstreetmap.org/node/52230629,candidate
2972,HUNTSTOWN 2,HUNTSTOWN 2,220.0,0.0,0.0,,"coordinates are (0, 0)",True,-6.407808,53.4013346,"2, Huntstown Park, Huntstown, Blanchardstown-Blakestown DED 1986, Mulhuddart, Fingal, County Dublin, Leinster, Éire / Ireland",house,building,958813496.0,https://www.openstreetmap.org/way/958813496,candidate
3111,BALLYNABRANN,BALLYNABRANN,110.0,0.0,0.0,,"coordinates are (0, 0)",False,,,,,,,,not found
3181,KILLINSKYDUF,KILLINSKYDUF,110.0,0.0,0.0,,"coordinates are (0, 0)",False,,,,,,,,not found
32060,KNOCKRAHA OF,KNOCKRAHA OF,220.0,0.0,0.0,,"coordinates are (0, 0)",True,-8.3292119,51.9740661,"Knockraha, Municipal District of Cobh, County Cork, Munster, T45 P840, Éire / Ireland",administrative,boundary,6934529.0,https://www.openstreetmap.org/relation/6934529,candidate
33410,BENDINSTOWN,BENDINSTOWN,110.0,0.0,0.0,,"coordinates are (0, 0)",True,-6.8152455,52.7698101,"Bendinstown, Rathrush ED, The Municipal District of Tullow, County Carlow, Leinster, Éire / Ireland",administrative,boundary,2202057.0,https://www.openstreetmap.org/relation/2202057,candidate
3361,LAURENCETOWN,LAURENCETOWN,110.0,0.0,0.0,,"coordinates are (0, 0)",True,-8.1749341,53.2365041,"Laurencetown, Ballinasloe Municipal District, County Galway, Connacht, Éire / Ireland",village,place,52268976.0,https://www.openstreetmap.org/node/52268976,candidate
3441,KILVINOGE,KILVINOGE,110.0,0.0,0.0,,"coordinates are (0, 0)",True,-7.1286316,52.453622,"Kilvinoge, Castlebanny, The Municipal District of Callan — Thomastown, County Kilkenny, Leinster, Éire / Ireland",administrative,boundary,5380964.0,https://www.openstreetmap.org/relation/5380964,candidate
3481,COOLNANOONAG,COOLNANOONAG,110.0,0.0,0.0,,"coordinates are (0, 0)",False,,,,,,,,not found
3491,LISLEA,LISLEA,110.0,0.0,0.0,,"coordinates are (0, 0)",True,-7.0847801,54.0648785,"Lislea, Bailieborough-Cootehill Municipal District, County Cavan, Ulster, Éire / Ireland",peak,natural,11925790782.0,https://www.openstreetmap.org/node/11925790782,candidate
3501,LANESBORO_A1,LANESBORO_A1,110.0,0.0,0.0,,"coordinates are (0, 0)",False,,,,,,,,not found
35011,LANESBORO_A2,LANESBORO_A2,110.0,0.0,0.0,,"coordinates are (0, 0)",False,,,,,,,,not found
3511,LICKNY,LICKNY,110.0,0.0,0.0,,"coordinates are (0, 0)",True,-7.3777318,53.7156157,"Lickny, Coole ED, The Municipal District of Mullingar — Kinnegad, County Westmeath, Leinster, Éire / Ireland",administrative,boundary,4139466.0,https://www.openstreetmap.org/relation/4139466,candidate
3550,COOLNABACKY_,COOLNABACKY_,110.0,0.0,0.0,,"coordinates are (0, 0)",True,-7.1894178,52.9759837,"Coolnabacky, Timahoe ED, The Municipal District of Graiguecullen — Portarlington, County Laois, Leinster, Éire / Ireland",administrative,boundary,4638762.0,https://www.openstreetmap.org/relation/4638762,candidate
3551,COOLNABACKY,COOLNABACKY,110.0,0.0,0.0,,"coordinates are (0, 0)",True,-7.1894178,52.9759837,"Coolnabacky, Timahoe ED, The Municipal District of Graiguecullen — Portarlington, County Laois, Leinster, Éire / Ireland",administrative,boundary,4638762.0,https://www.openstreetmap.org/relation/4638762,candidate
3554,COOLNABACKY,COOLNABACKY,380.0,0.0,0.0,,"coordinates are (0, 0)",True,-7.1894178,52.9759837,"Coolnabacky, Timahoe ED, The Municipal District of Graiguecullen — Portarlington, County Laois, Leinster, Éire / Ireland",administrative,boundary,4638762.0,https://www.openstreetmap.org/relation/4638762,candidate
3601,LIBERTY ST,LIBERTY ST,110.0,0.0,0.0,,"coordinates are (0, 0)",True,-8.4789238,51.8981917,"Liberty Street, The Marsh, Centre B ED, Cork, County Cork, Munster, T12 XH42, Éire / Ireland",tertiary,highway,32243374.0,https://www.openstreetmap.org/way/32243374,candidate
3611,LIBERTY ST,LIBERTY ST,110.0,0.0,0.0,,"coordinates are (0, 0)",True,-8.4789238,51.8981917,"Liberty Street, The Marsh, Centre B ED, Cork, County Cork, Munster, T12 XH42, Éire / Ireland",tertiary,highway,32243374.0,https://www.openstreetmap.org/way/32243374,candidate
3631,FREAGH,FREAGH,110.0,0.0,0.0,,"coordinates are (0, 0)",True,-7.7383827,53.1715312,"Freagh, Kilcormac ED, Birr, County Offaly, Leinster, Éire / Ireland",administrative,boundary,4170302.0,https://www.openstreetmap.org/relation/4170302,candidate
3691,LAGHTANVACK,LAGHTANVACK,110.0,0.0,0.0,,"coordinates are (0, 0)",True,-9.5290959,54.1561559,"Laghtanvack, Kilfian South ED, Ballina Municipal District, County Mayo, Connacht, Éire / Ireland",administrative,boundary,6103368.0,https://www.openstreetmap.org/relation/6103368,candidate
3841,MAYNOOTH A,MAYNOOTH A,110.0,0.0,0.0,,"coordinates are (0, 0)",True,-6.5922806,53.3830239,"Maynooth, County Kildare, Leinster, Éire / Ireland",town,place,1094726589.0,https://www.openstreetmap.org/way/1094726589,candidate
3842,MAYNOOTH A,MAYNOOTH A,220.0,0.0,0.0,,"coordinates are (0, 0)",True,-6.5922806,53.3830239,"Maynooth, County Kildare, Leinster, Éire / Ireland",town,place,1094726589.0,https://www.openstreetmap.org/way/1094726589,candidate
3851,MAYNOOTH B,MAYNOOTH B,110.0,0.0,0.0,,"coordinates are (0, 0)",True,-6.5922806,53.3830239,"Maynooth, County Kildare, Leinster, Éire / Ireland",town,place,1094726589.0,https://www.openstreetmap.org/way/1094726589,candidate
3852,MAYNOOTH B,MAYNOOTH B,220.0,0.0,0.0,,"coordinates are (0, 0)",True,-6.5922806,53.3830239,"Maynooth, County Kildare, Leinster, Éire / Ireland",town,place,1094726589.0,https://www.openstreetmap.org/way/1094726589,candidate
3911,METRO AIRPOR,METRO AIRPOR,110.0,0.0,0.0,,"coordinates are (0, 0)",False,,,,,,,,not found
3921,METRO NORTH,METRO NORTH,110.0,0.0,0.0,,"coordinates are (0, 0)",True,-6.2829269,53.3136179,"Tesco Metro, Terenure Road North, Terenure B Ward 1986, Dublin, County Dublin, Leinster, Éire / Ireland",supermarket,shop,228873475.0,https://www.openstreetmap.org/way/228873475,candidate
39420,W_SKERD ROCK,SKERD ROCK,220.0,0.0,0.0,,"coordinates are (0, 0)",False,,,,,,,,not found
39444,MPTSERIESCAP,MPTSERIESCAP,380.0,0.0,0.0,,"coordinates are (0, 0)",False,,,,,,,,not found
3981,MUNGRET A,MUNGRET A,110.0,0.0,0.0,,"coordinates are (0, 0)",True,-8.6923876,52.6358249,"Mungret, Limerick, County Limerick, Munster, Éire / Ireland",village,place,52240173.0,https://www.openstreetmap.org/node/52240173,candidate
3991,MUNGRET B,MUNGRET B,110.0,0.0,0.0,,"coordinates are (0, 0)",True,-8.6923876,52.6358249,"Mungret, Limerick, County Limerick, Munster, Éire / Ireland",village,place,52240173.0,https://www.openstreetmap.org/node/52240173,candidate
4012,MOORETOWN,MOORETOWN,220.0,0.0,0.0,,"coordinates are (0, 0)",True,-6.2458449,53.4653595,"Mooretown, Swords-Glasmore ED, Fingal, County Dublin, Leinster, Éire / Ireland",administrative,boundary,5411507.0,https://www.openstreetmap.org/relation/5411507,candidate
4121,MULGEETH,MULGEETH,110.0,0.0,0.0,,"coordinates are (0, 0)",True,-6.8469905,53.3679477,"Mulgeeth, Dunfierth ED, The Municipal District of Clane — Maynooth, County Kildare, Leinster, Éire / Ireland",administrative,boundary,4197897.0,https://www.openstreetmap.org/relation/4197897,candidate
4321,OAKLANDS,OAKLANDS,110.0,0.0,0.0,,"coordinates are (0, 0)",True,-6.949164,52.3799003,"Oaklands, New Ross Rural ED, New Ross Municipal District, The Municipal District of New Ross, County Wexford, Leinster, Éire / Ireland",administrative,boundary,3233757.0,https://www.openstreetmap.org/relation/3233757,candidate
4341,OLDCOURT,OLDCOURT,110.0,0.0,0.0,,"coordinates are (0, 0)",True,-6.3354885,53.2671979,"Oldcourt, Bohernabreena DED 1986, Tallaght, South Dublin, County Dublin, Leinster, Éire / Ireland",administrative,boundary,4552100.0,https://www.openstreetmap.org/relation/4552100,candidate
4351,OLDCOURT,OLDCOURT,110.0,0.0,0.0,,"coordinates are (0, 0)",True,-6.3354885,53.2671979,"Oldcourt, Bohernabreena DED 1986, Tallaght, South Dublin, County Dublin, Leinster, Éire / Ireland",administrative,boundary,4552100.0,https://www.openstreetmap.org/relation/4552100,candidate
43619,OUTAGH T,OUTAGH,110.0,0.0,0.0,,"coordinates are (0, 0)",False,,,,,,,,not found
43844,OLDSERIESCAP,OLDSERIESCAP,380.0,0.0,0.0,,"coordinates are (0, 0)",False,,,,,,,,not found
4451,POLLAHONEY,POLLAHONEY,110.0,0.0,0.0,,"coordinates are (0, 0)",True,-6.2053352,52.8051793,"Pollahoney, Arklow Rural ED, The Municipal District of Arklow, County Wicklow, Leinster, Éire / Ireland",administrative,boundary,4505679.0,https://www.openstreetmap.org/relation/4505679,candidate
4461,POOLBEG,POOLBEG,110.0,0.0,0.0,,"coordinates are (0, 0)",True,-6.1899319,53.3383905,"Poolbeg 220kV AIS Substation, Pigeon House Road, Pembroke East A Ward 1986, Dublin, County Dublin, Leinster, Éire / Ireland",service,building,50257117.0,https://www.openstreetmap.org/way/50257117,candidate
4462,POOLBEG NORT,POOLBEG NORT,220.0,0.0,0.0,,"coordinates are (0, 0)",False,,,,,,,,not found
44661,PBEG REACTOR,PBEG REACTOR,220.0,0.0,0.0,,"coordinates are (0, 0)",False,,,,,,,,not found
44662,PBEG REACTOR,PBEG REACTOR,220.0,0.0,0.0,,"coordinates are (0, 0)",False,,,,,,,,not found
4471,POOLBEG,POOLBEG,110.0,0.0,0.0,,"coordinates are (0, 0)",True,-6.1899319,53.3383905,"Poolbeg 220kV AIS Substation, Pigeon House Road, Pembroke East A Ward 1986, Dublin, County Dublin, Leinster, Éire / Ireland",service,building,50257117.0,https://www.openstreetmap.org/way/50257117,candidate
4472,POOLBEG SOUT,POOLBEG SOUT,220.0,0.0,0.0,,"coordinates are (0, 0)",False,,,,,,,,not found
44731,CODLING 1,CODLING 1,220.0,0.0,0.0,,"coordinates are (0, 0)",False,,,,,,,,not found
44732,CODLING 2,CODLING 2,220.0,0.0,0.0,,"coordinates are (0, 0)",False,,,,,,,,not found
44733,CODLING 3,CODLING 3,220.0,0.0,0.0,,"coordinates are (0, 0)",False,,,,,,,,not found
4481,PORTLAOISE,PORTLAOISE,110.0,0.0,0.0,,"coordinates are (0, 0)",True,-7.3000591,53.0340093,"Portlaoise, The Municipal District of Portlaoise, County Laois, Leinster, Éire / Ireland",town,place,14579138.0,https://www.openstreetmap.org/relation/14579138,candidate
4662,RATHCOBICAN,RATHCOBICAN,220.0,0.0,0.0,,"coordinates are (0, 0)",True,-7.1886053,53.3386207,"Rathcobican, Ballymacwilliam ED, The Municipal District of Edenderry, County Offaly, Leinster, R35 KD66, Éire / Ireland",administrative,boundary,4196320.0,https://www.openstreetmap.org/relation/4196320,candidate
4664,RATHCOBICAN,RATHCOBICAN,380.0,0.0,0.0,,"coordinates are (0, 0)",True,-7.1886053,53.3386207,"Rathcobican, Ballymacwilliam ED, The Municipal District of Edenderry, County Offaly, Leinster, R35 KD66, Éire / Ireland",administrative,boundary,4196320.0,https://www.openstreetmap.org/relation/4196320,candidate
4671,RAPPAREEHILL,RAPPAREEHILL,110.0,0.0,0.0,,"coordinates are (0, 0)",True,-7.9208831,53.6776952,"Rappareehill, Mountdavis ED, Ballymahon Municipal District, County Longford, Leinster, Éire / Ireland",administrative,boundary,2447192.0,https://www.openstreetmap.org/relation/2447192,candidate
4922,SOUTHBANK,SOUTHBANK,220.0,0.0,0.0,,"coordinates are (0, 0)",True,-6.2750665,53.3294129,"Southbank Cafe, 79-80, Grove Road, Harold's Cross, Portobello, Rathmines West A Ward 1986, Dublin, County Dublin, Leinster, D06 HP29, Éire / Ireland",cafe,amenity,4230180642.0,https://www.openstreetmap.org/node/4230180642,candidate
4971,SHANONAGH,SHANONAGH,110.0,0.0,0.0,,"coordinates are (0, 0)",True,-7.4418994,53.526802,"Shanonagh, Greenpark ED, The Municipal District of Athlone — Moate, County Westmeath, Leinster, Éire / Ireland",administrative,boundary,4139866.0,https://www.openstreetmap.org/relation/4139866,candidate
50019,SOMRST T,SOMRST,110.0,0.0,0.0,,"coordinates are (0, 0)",False,,,,,,,,not found
5051,SEAL ROCK,SEAL ROCK,110.0,0.0,0.0,,"coordinates are (0, 0)",True,-9.5220686,52.822525,"Seal Rock, West Clare Municipal District, County Clare, Munster, Éire / Ireland",islet,place,4563525.0,https://www.openstreetmap.org/way/4563525,candidate
50619,STRATF T,STRATF,110.0,0.0,0.0,,"coordinates are (0, 0)",False,,,,,,,,not found
5071,SEAL ROCK,SEAL ROCK,110.0,0.0,0.0,,"coordinates are (0, 0)",True,-9.5220686,52.822525,"Seal Rock, West Clare Municipal District, County Clare, Munster, Éire / Ireland",islet,place,4563525.0,https://www.openstreetmap.org/way/4563525,candidate
51911,CROAGHONAGH,CROAGHONAGH,110.0,0.0,0.0,,"coordinates are (0, 0)",True,-7.9418187,54.7166086,"Croaghonagh, Donegal Municipal District, County Donegal, Ulster, Éire / Ireland",peak,natural,9199393511.0,https://www.openstreetmap.org/node/9199393511,candidate
52219,TULBRK T,TULBRK,110.0,0.0,0.0,,"coordinates are (0, 0)",False,,,,,,,,not found
5251,TAWN_B,TAWN_B,110.0,0.0,0.0,,"coordinates are (0, 0)",True,-0.139949,51.5237826,"Royal Anthropological Institute of Great Britain and Ireland, 50, Fitzroy Street, Fitzrovia, London Borough of Camden, Greater London, England, W1T 6DY, United Kingdom",ngo,office,420120033.0,https://www.openstreetmap.org/way/420120033,outside Ireland bounds
5331,YELLOWMEADOW,YELLOWMEADOW,110.0,0.0,0.0,,"coordinates are (0, 0)",False,,,,,,,,not found
5351,TIMONEY,TIMONEY,110.0,0.0,0.0,,"coordinates are (0, 0)",True,-7.7303526,52.9109325,"Timoney, The Municipal District of Thurles, County Tipperary, Munster, Éire / Ireland",administrative,boundary,6778883.0,https://www.openstreetmap.org/relation/6778883,candidate
66096,UPPERCHURCH,UPPERCHURCH,110.0,0.0,0.0,,"coordinates are (0, 0)",True,-8.0364985,52.7014585,"Upperchurch, The Municipal District of Thurles, County Tipperary, Munster, Éire / Ireland",administrative,boundary,6781139.0,https://www.openstreetmap.org/relation/6781139,candidate
66121,ORIEL,ORIEL,220.0,0.0,0.0,,"coordinates are (0, 0)",True,-6.1262595,53.2011752,"Oriel, Upper Dargle Road, Kilmacanoge ED, The Municipal District of Bray, County Wicklow, Leinster, Éire / Ireland",house,building,696906420.0,https://www.openstreetmap.org/way/696906420,candidate
66122,ORIEL LANDIN,ORIEL LANDIN,220.0,0.0,0.0,,"coordinates are (0, 0)",False,,,,,,,,not found
66123,ORIEL OFFSHO,ORIEL OFFSHO,220.0,0.0,0.0,,"coordinates are (0, 0)",False,,,,,,,,not found
68090,KNOCKNAMONA,KNOCKNAMONA,110.0,0.0,0.0,,"coordinates are (0, 0)",True,-8.6079595,53.0726516,"Knocknamona, Loughrea Municipal District, County Galway, Connacht, Éire / Ireland",peak,natural,6365341441.0,https://www.openstreetmap.org/node/6365341441,candidate
70111,AIRP,AIRP,110.0,0.0,0.0,,"coordinates are (0, 0)",False,,,,,,,,not found
70112,AIRP1B,AIRP1,110.0,0.0,0.0,,"coordinates are (0, 0)",False,,,,,,,,not found
72021,TBESS,TBESS,110.0,0.0,0.0,,"coordinates are (0, 0)",False,,,,,,,,not found
73510,GARVAGH NI,GARVAGH NI,110.0,0.0,0.0,,"coordinates are (0, 0)",True,-6.6877148,54.982536,"Garvagh, Causeway Coast and Glens District, County Londonderry, Northern Ireland / Tuaisceart Éireann, BT51 5AE, United Kingdom",village,place,267762742.0,https://www.openstreetmap.org/node/267762742,candidate
75610,AUGHT,AUGHT,110.0,0.0,0.0,,"coordinates are (0, 0)",True,-7.2388392,55.1059085,"Aught, Three Trees ED, Inishowen Municipal District, County Donegal, Ulster, Éire / Ireland",administrative,boundary,5508652.0,https://www.openstreetmap.org/relation/5508652,candidate
75611,CULMORE_RD,CULMORE_RD,110.0,0.0,0.0,,"coordinates are (0, 0)",True,-6.3638264,53.3515156,"Culmore Road, Palmerstown Village DED 1986, Palmerstown, South Dublin, County Dublin, Leinster, Éire / Ireland",residential,highway,18642431.0,https://www.openstreetmap.org/way/18642431,candidate
76513,DONE1D,DONE1D,110.0,0.0,0.0,,"coordinates are (0, 0)",False,,,,,,,,not found
77010,DRUM1-,DRUM1,110.0,0.0,0.0,,"coordinates are (0, 0)",False,,,,,,,,not found
77211,CURR_WF,CURR_WF,110.0,0.0,0.0,,"coordinates are (0, 0)",False,,,,,,,,not found
77212,WIND_PT,WIND_PT,110.0,0.0,0.0,,"coordinates are (0, 0)",True,-9.4402339,52.8509374,"South Wind B&B, R482, Milltown Malbay ED, West Clare Municipal District, County Clare, Munster, Éire / Ireland",hotel,tourism,443459604.0,https://www.openstreetmap.org/way/443459604,candidate
79510,CAM,CAM,110.0,0.0,0.0,,"coordinates are (0, 0)",True,-7.5668422,53.6885172,"Cam, Ballymuigh ED, Ballymahon Municipal District, County Longford, Leinster, Éire / Ireland",administrative,boundary,2306147.0,https://www.openstreetmap.org/relation/2306147,candidate
80511,GLEN1A,GLEN1,110.0,0.0,0.0,,"coordinates are (0, 0)",False,,,,,,,,not found
80512,GLEN1B,GLEN1,110.0,0.0,0.0,,"coordinates are (0, 0)",False,,,,,,,,not found
81031,COLINGLEN_BE,COLINGLEN_BE,110.0,0.0,0.0,,"coordinates are (0, 0)",True,-6.0540645,54.5618386,"Colinglen Road, Mount Eagles, Lagmore, Belfast City District, Lisburn and Castlereagh District, County Antrim, Northern Ireland / Tuaisceart Éireann, United Kingdom",primary,highway,323452682.0,https://www.openstreetmap.org/way/323452682,candidate
81512,KELL_WIND2,KELL_WIND2,110.0,0.0,0.0,,"coordinates are (0, 0)",False,,,,,,,,not found
81810,KILL1-CL,KILL1-CL,110.0,0.0,0.0,,"coordinates are (0, 0)",False,,,,,,,,not found
85510,MAKL1-CL,MAKL1-CL,110.0,0.0,0.0,,"coordinates are (0, 0)",False,,,,,,,,not found
86221,SCOTLAND,SCOTLAND,275.0,0.0,0.0,,"coordinates are (0, 0)",True,-7.6334402,54.8153313,"Scotland, Killygordon ED, Lifford-Stranorlar Municipal District, County Donegal, Ulster, Éire / Ireland",administrative,boundary,5607404.0,https://www.openstreetmap.org/relation/5607404,candidate
87900,RASHARK1,RASHARK1,110.0,0.0,0.0,,"coordinates are (0, 0)",False,,,,,,,,not found
87901,T_GOWANGIS,T_GOWANGIS,110.0,0.0,0.0,,"coordinates are (0, 0)",False,,,,,,,,not found
89210,SKRK1-,SKRK1,110.0,0.0,0.0,,"coordinates are (0, 0)",False,,,,,,,,not found
90210,TREM,TREM,110.0,0.0,0.0,,"coordinates are (0, 0)",True,-8.4519371,51.8983484,"Trem de Minas, Centre Park Road, Marina / Centre Park / Cleve Industrial Area, Docklands, Knockrea B, Cork, County Cork, Munster, T12 YX76, Éire / Ireland",restaurant,amenity,13137303809.0,https://www.openstreetmap.org/node/13137303809,candidate
GB_EWIC,EWIC far terminal,EWIC,260.0,0.0,0.0,,"coordinates are (0, 0)",False,,,,,,,,not found
GB_GREENLINK,Greenlink far terminal,GREENLINK,150.0,0.0,0.0,,"coordinates are (0, 0)",False,,,,,,,,not found
star:1072-1041-10421-2,star of 1072-1041-10421-2,STAR,220.0,0.0,0.0,,"coordinates are (0, 0)",True,-5.8892945,54.63263,"Star, West Bank Road, Belfast Harbour, Lowwood, Belfast City District, County Antrim, Northern Ireland / Tuaisceart Éireann, BT3 9JL, United Kingdom",fuel,amenity,2335173351.0,https://www.openstreetmap.org/node/2335173351,candidate
star:1122-1121-11221-1,star of 1122-1121-11221-1,STAR,220.0,0.0,0.0,,"coordinates are (0, 0)",True,-5.8892945,54.63263,"Star, West Bank Road, Belfast Harbour, Lowwood, Belfast City District, County Antrim, Northern Ireland / Tuaisceart Éireann, BT3 9JL, United Kingdom",fuel,amenity,2335173351.0,https://www.openstreetmap.org/node/2335173351,candidate
star:1122-1121-11222-2,star of 1122-1121-11222-2,STAR,220.0,0.0,0.0,,"coordinates are (0, 0)",True,-5.8892945,54.63263,"Star, West Bank Road, Belfast Harbour, Lowwood, Belfast City District, County Antrim, Northern Ireland / Tuaisceart Éireann, BT3 9JL, United Kingdom",fuel,amenity,2335173351.0,https://www.openstreetmap.org/node/2335173351,candidate
star:1212-1211-12121-1,star of 1212-1211-12121-1,STAR,220.0,0.0,0.0,,"coordinates are (0, 0)",True,-5.8892945,54.63263,"Star, West Bank Road, Belfast Harbour, Lowwood, Belfast City District, County Antrim, Northern Ireland / Tuaisceart Éireann, BT3 9JL, United Kingdom",fuel,amenity,2335173351.0,https://www.openstreetmap.org/node/2335173351,candidate
star:1212-12111-12122-2,star of 1212-12111-12122-2,STAR,220.0,0.0,0.0,,"coordinates are (0, 0)",True,-5.8892945,54.63263,"Star, West Bank Road, Belfast Harbour, Lowwood, Belfast City District, County Antrim, Northern Ireland / Tuaisceart Éireann, BT3 9JL, United Kingdom",fuel,amenity,2335173351.0,https://www.openstreetmap.org/node/2335173351,candidate
star:1244-1243-12402-1,star of 1244-1243-12402-1,STAR,380.0,0.0,0.0,,"coordinates are (0, 0)",True,-5.8892945,54.63263,"Star, West Bank Road, Belfast Harbour, Lowwood, Belfast City District, County Antrim, Northern Ireland / Tuaisceart Éireann, BT3 9JL, United Kingdom",fuel,amenity,2335173351.0,https://www.openstreetmap.org/node/2335173351,candidate
star:1472-1471-14721-1,star of 1472-1471-14721-1,STAR,220.0,0.0,0.0,,"coordinates are (0, 0)",True,-5.8892945,54.63263,"Star, West Bank Road, Belfast Harbour, Lowwood, Belfast City District, County Antrim, Northern Ireland / Tuaisceart Éireann, BT3 9JL, United Kingdom",fuel,amenity,2335173351.0,https://www.openstreetmap.org/node/2335173351,candidate
star:1472-1471-14722-2,star of 1472-1471-14722-2,STAR,220.0,0.0,0.0,,"coordinates are (0, 0)",True,-5.8892945,54.63263,"Star, West Bank Road, Belfast Harbour, Lowwood, Belfast City District, County Antrim, Northern Ireland / Tuaisceart Éireann, BT3 9JL, United Kingdom",fuel,amenity,2335173351.0,https://www.openstreetmap.org/node/2335173351,candidate
star:1474-1472-14723-1,star of 1474-1472-14723-1,STAR,380.0,0.0,0.0,,"coordinates are (0, 0)",True,-5.8892945,54.63263,"Star, West Bank Road, Belfast Harbour, Lowwood, Belfast City District, County Antrim, Northern Ireland / Tuaisceart Éireann, BT3 9JL, United Kingdom",fuel,amenity,2335173351.0,https://www.openstreetmap.org/node/2335173351,candidate
star:1602-1601-16022-1,star of 1602-1601-16022-1,STAR,220.0,0.0,0.0,,"coordinates are (0, 0)",True,-5.8892945,54.63263,"Star, West Bank Road, Belfast Harbour, Lowwood, Belfast City District, County Antrim, Northern Ireland / Tuaisceart Éireann, BT3 9JL, United Kingdom",fuel,amenity,2335173351.0,https://www.openstreetmap.org/node/2335173351,candidate
star:1602-16011-16021-1,star of 1602-16011-16021-1,STAR,220.0,0.0,0.0,,"coordinates are (0, 0)",True,-5.8892945,54.63263,"Star, West Bank Road, Belfast Harbour, Lowwood, Belfast City District, County Antrim, Northern Ireland / Tuaisceart Éireann, BT3 9JL, United Kingdom",fuel,amenity,2335173351.0,https://www.openstreetmap.org/node/2335173351,candidate
star:1642-1641-16421-1,star of 1642-1641-16421-1,STAR,220.0,0.0,0.0,,"coordinates are (0, 0)",True,-5.8892945,54.63263,"Star, West Bank Road, Belfast Harbour, Lowwood, Belfast City District, County Antrim, Northern Ireland / Tuaisceart Éireann, BT3 9JL, United Kingdom",fuel,amenity,2335173351.0,https://www.openstreetmap.org/node/2335173351,candidate
star:1642-1641-16422-2,star of 1642-1641-16422-2,STAR,220.0,0.0,0.0,,"coordinates are (0, 0)",True,-5.8892945,54.63263,"Star, West Bank Road, Belfast Harbour, Lowwood, Belfast City District, County Antrim, Northern Ireland / Tuaisceart Éireann, BT3 9JL, United Kingdom",fuel,amenity,2335173351.0,https://www.openstreetmap.org/node/2335173351,candidate
star:1642-16411-16424-4,star of 1642-16411-16424-4,STAR,220.0,0.0,0.0,,"coordinates are (0, 0)",True,-5.8892945,54.63263,"Star, West Bank Road, Belfast Harbour, Lowwood, Belfast City District, County Antrim, Northern Ireland / Tuaisceart Éireann, BT3 9JL, United Kingdom",fuel,amenity,2335173351.0,https://www.openstreetmap.org/node/2335173351,candidate
star:1742-1741-17421-1,star of 1742-1741-17421-1,STAR,220.0,0.0,0.0,,"coordinates are (0, 0)",True,-5.8892945,54.63263,"Star, West Bank Road, Belfast Harbour, Lowwood, Belfast City District, County Antrim, Northern Ireland / Tuaisceart Éireann, BT3 9JL, United Kingdom",fuel,amenity,2335173351.0,https://www.openstreetmap.org/node/2335173351,candidate
star:1742-1741-17422-2,star of 1742-1741-17422-2,STAR,220.0,0.0,0.0,,"coordinates are (0, 0)",True,-5.8892945,54.63263,"Star, West Bank Road, Belfast Harbour, Lowwood, Belfast City District, County Antrim, Northern Ireland / Tuaisceart Éireann, BT3 9JL, United Kingdom",fuel,amenity,2335173351.0,https://www.openstreetmap.org/node/2335173351,candidate
star:1742-17411-17423-3,star of 1742-17411-17423-3,STAR,220.0,0.0,0.0,,"coordinates are (0, 0)",True,-5.8892945,54.63263,"Star, West Bank Road, Belfast Harbour, Lowwood, Belfast City District, County Antrim, Northern Ireland / Tuaisceart Éireann, BT3 9JL, United Kingdom",fuel,amenity,2335173351.0,https://www.openstreetmap.org/node/2335173351,candidate
star:1742-17411-17424-4,star of 1742-17411-17424-4,STAR,220.0,0.0,0.0,,"coordinates are (0, 0)",True,-5.8892945,54.63263,"Star, West Bank Road, Belfast Harbour, Lowwood, Belfast City District, County Antrim, Northern Ireland / Tuaisceart Éireann, BT3 9JL, United Kingdom",fuel,amenity,2335173351.0,https://www.openstreetmap.org/node/2335173351,candidate
star:2002-2001-20021-1,star of 2002-2001-20021-1,STAR,220.0,0.0,0.0,,"coordinates are (0, 0)",True,-5.8892945,54.63263,"Star, West Bank Road, Belfast Harbour, Lowwood, Belfast City District, County Antrim, Northern Ireland / Tuaisceart Éireann, BT3 9JL, United Kingdom",fuel,amenity,2335173351.0,https://www.openstreetmap.org/node/2335173351,candidate
star:2042-2041-20421-1,star of 2042-2041-20421-1,STAR,220.0,0.0,0.0,,"coordinates are (0, 0)",True,-5.8892945,54.63263,"Star, West Bank Road, Belfast Harbour, Lowwood, Belfast City District, County Antrim, Northern Ireland / Tuaisceart Éireann, BT3 9JL, United Kingdom",fuel,amenity,2335173351.0,https://www.openstreetmap.org/node/2335173351,candidate
star:2042-20416-20424-4,star of 2042-20416-20424-4,STAR,220.0,0.0,0.0,,"coordinates are (0, 0)",True,-5.8892945,54.63263,"Star, West Bank Road, Belfast Harbour, Lowwood, Belfast City District, County Antrim, Northern Ireland / Tuaisceart Éireann, BT3 9JL, United Kingdom",fuel,amenity,2335173351.0,https://www.openstreetmap.org/node/2335173351,candidate
star:2052-2041-20422-2,star of 2052-2041-20422-2,STAR,220.0,0.0,0.0,,"coordinates are (0, 0)",True,-5.8892945,54.63263,"Star, West Bank Road, Belfast Harbour, Lowwood, Belfast City District, County Antrim, Northern Ireland / Tuaisceart Éireann, BT3 9JL, United Kingdom",fuel,amenity,2335173351.0,https://www.openstreetmap.org/node/2335173351,candidate
star:2204-2202-22021-1,star of 2204-2202-22021-1,STAR,380.0,0.0,0.0,,"coordinates are (0, 0)",True,-5.8892945,54.63263,"Star, West Bank Road, Belfast Harbour, Lowwood, Belfast City District, County Antrim, Northern Ireland / Tuaisceart Éireann, BT3 9JL, United Kingdom",fuel,amenity,2335173351.0,https://www.openstreetmap.org/node/2335173351,candidate
star:2204-2202-22022-2,star of 2204-2202-22022-2,STAR,380.0,0.0,0.0,,"coordinates are (0, 0)",True,-5.8892945,54.63263,"Star, West Bank Road, Belfast Harbour, Lowwood, Belfast City District, County Antrim, Northern Ireland / Tuaisceart Éireann, BT3 9JL, United Kingdom",fuel,amenity,2335173351.0,https://www.openstreetmap.org/node/2335173351,candidate
star:2204-2212-22023-3,star of 2204-2212-22023-3,STAR,380.0,0.0,0.0,,"coordinates are (0, 0)",True,-5.8892945,54.63263,"Star, West Bank Road, Belfast Harbour, Lowwood, Belfast City District, County Antrim, Northern Ireland / Tuaisceart Éireann, BT3 9JL, United Kingdom",fuel,amenity,2335173351.0,https://www.openstreetmap.org/node/2335173351,candidate
star:2522-2521-25221-1,star of 2522-2521-25221-1,STAR,220.0,0.0,0.0,,"coordinates are (0, 0)",True,-5.8892945,54.63263,"Star, West Bank Road, Belfast Harbour, Lowwood, Belfast City District, County Antrim, Northern Ireland / Tuaisceart Éireann, BT3 9JL, United Kingdom",fuel,amenity,2335173351.0,https://www.openstreetmap.org/node/2335173351,candidate
star:2522-2521-25222-2,star of 2522-2521-25222-2,STAR,220.0,0.0,0.0,,"coordinates are (0, 0)",True,-5.8892945,54.63263,"Star, West Bank Road, Belfast Harbour, Lowwood, Belfast City District, County Antrim, Northern Ireland / Tuaisceart Éireann, BT3 9JL, United Kingdom",fuel,amenity,2335173351.0,https://www.openstreetmap.org/node/2335173351,candidate
star:2562-2561-25621-1,star of 2562-2561-25621-1,STAR,220.0,0.0,0.0,,"coordinates are (0, 0)",True,-5.8892945,54.63263,"Star, West Bank Road, Belfast Harbour, Lowwood, Belfast City District, County Antrim, Northern Ireland / Tuaisceart Éireann, BT3 9JL, United Kingdom",fuel,amenity,2335173351.0,https://www.openstreetmap.org/node/2335173351,candidate
star:2562-2571-25622-2,star of 2562-2571-25622-2,STAR,220.0,0.0,0.0,,"coordinates are (0, 0)",True,-5.8892945,54.63263,"Star, West Bank Road, Belfast Harbour, Lowwood, Belfast City District, County Antrim, Northern Ireland / Tuaisceart Éireann, BT3 9JL, United Kingdom",fuel,amenity,2335173351.0,https://www.openstreetmap.org/node/2335173351,candidate
star:2563-2561-25624-4,star of 2563-2561-25624-4,STAR,220.0,0.0,0.0,,"coordinates are (0, 0)",True,-5.8892945,54.63263,"Star, West Bank Road, Belfast Harbour, Lowwood, Belfast City District, County Antrim, Northern Ireland / Tuaisceart Éireann, BT3 9JL, United Kingdom",fuel,amenity,2335173351.0,https://www.openstreetmap.org/node/2335173351,candidate
star:2563-2571-25625-5,star of 2563-2571-25625-5,STAR,220.0,0.0,0.0,,"coordinates are (0, 0)",True,-5.8892945,54.63263,"Star, West Bank Road, Belfast Harbour, Lowwood, Belfast City District, County Antrim, Northern Ireland / Tuaisceart Éireann, BT3 9JL, United Kingdom",fuel,amenity,2335173351.0,https://www.openstreetmap.org/node/2335173351,candidate
star:2742-2741-27421-1,star of 2742-2741-27421-1,STAR,220.0,0.0,0.0,,"coordinates are (0, 0)",True,-5.8892945,54.63263,"Star, West Bank Road, Belfast Harbour, Lowwood, Belfast City District, County Antrim, Northern Ireland / Tuaisceart Éireann, BT3 9JL, United Kingdom",fuel,amenity,2335173351.0,https://www.openstreetmap.org/node/2335173351,candidate
star:2742-2741-27422-2,star of 2742-2741-27422-2,STAR,220.0,0.0,0.0,,"coordinates are (0, 0)",True,-5.8892945,54.63263,"Star, West Bank Road, Belfast Harbour, Lowwood, Belfast City District, County Antrim, Northern Ireland / Tuaisceart Éireann, BT3 9JL, United Kingdom",fuel,amenity,2335173351.0,https://www.openstreetmap.org/node/2335173351,candidate
star:2842-2841-28421-1,star of 2842-2841-28421-1,STAR,220.0,0.0,0.0,,"coordinates are (0, 0)",True,-5.8892945,54.63263,"Star, West Bank Road, Belfast Harbour, Lowwood, Belfast City District, County Antrim, Northern Ireland / Tuaisceart Éireann, BT3 9JL, United Kingdom",fuel,amenity,2335173351.0,https://www.openstreetmap.org/node/2335173351,candidate
star:3082-3081-30822-2,star of 3082-3081-30822-2,STAR,220.0,0.0,0.0,,"coordinates are (0, 0)",True,-5.8892945,54.63263,"Star, West Bank Road, Belfast Harbour, Lowwood, Belfast City District, County Antrim, Northern Ireland / Tuaisceart Éireann, BT3 9JL, United Kingdom",fuel,amenity,2335173351.0,https://www.openstreetmap.org/node/2335173351,candidate
star:3082-3091-30824-4,star of 3082-3091-30824-4,STAR,220.0,0.0,0.0,,"coordinates are (0, 0)",True,-5.8892945,54.63263,"Star, West Bank Road, Belfast Harbour, Lowwood, Belfast City District, County Antrim, Northern Ireland / Tuaisceart Éireann, BT3 9JL, United Kingdom",fuel,amenity,2335173351.0,https://www.openstreetmap.org/node/2335173351,candidate
star:30820-3081-30821-1,star of 30820-3081-30821-1,STAR,220.0,0.0,0.0,,"coordinates are (0, 0)",True,-5.8892945,54.63263,"Star, West Bank Road, Belfast Harbour, Lowwood, Belfast City District, County Antrim, Northern Ireland / Tuaisceart Éireann, BT3 9JL, United Kingdom",fuel,amenity,2335173351.0,https://www.openstreetmap.org/node/2335173351,candidate
star:30820-3091-30826-3,star of 30820-3091-30826-3,STAR,220.0,0.0,0.0,,"coordinates are (0, 0)",True,-5.8892945,54.63263,"Star, West Bank Road, Belfast Harbour, Lowwood, Belfast City District, County Antrim, Northern Ireland / Tuaisceart Éireann, BT3 9JL, United Kingdom",fuel,amenity,2335173351.0,https://www.openstreetmap.org/node/2335173351,candidate
star:3192-3191-31922-1,star of 3192-3191-31922-1,STAR,220.0,0.0,0.0,,"coordinates are (0, 0)",True,-5.8892945,54.63263,"Star, West Bank Road, Belfast Harbour, Lowwood, Belfast City District, County Antrim, Northern Ireland / Tuaisceart Éireann, BT3 9JL, United Kingdom",fuel,amenity,2335173351.0,https://www.openstreetmap.org/node/2335173351,candidate
star:3192-31911-31927-2,star of 3192-31911-31927-2,STAR,220.0,0.0,0.0,,"coordinates are (0, 0)",True,-5.8892945,54.63263,"Star, West Bank Road, Belfast Harbour, Lowwood, Belfast City District, County Antrim, Northern Ireland / Tuaisceart Éireann, BT3 9JL, United Kingdom",fuel,amenity,2335173351.0,https://www.openstreetmap.org/node/2335173351,candidate
star:3202-3201-32021-1,star of 3202-3201-32021-1,STAR,220.0,0.0,0.0,,"coordinates are (0, 0)",True,-5.8892945,54.63263,"Star, West Bank Road, Belfast Harbour, Lowwood, Belfast City District, County Antrim, Northern Ireland / Tuaisceart Éireann, BT3 9JL, United Kingdom",fuel,amenity,2335173351.0,https://www.openstreetmap.org/node/2335173351,candidate
star:3203-3209-32022-2,star of 3203-3209-32022-2,STAR,220.0,0.0,0.0,,"coordinates are (0, 0)",True,-5.8892945,54.63263,"Star, West Bank Road, Belfast Harbour, Lowwood, Belfast City District, County Antrim, Northern Ireland / Tuaisceart Éireann, BT3 9JL, United Kingdom",fuel,amenity,2335173351.0,https://www.openstreetmap.org/node/2335173351,candidate
star:3204-3202-32081-1,star of 3204-3202-32081-1,STAR,380.0,0.0,0.0,,"coordinates are (0, 0)",True,-5.8892945,54.63263,"Star, West Bank Road, Belfast Harbour, Lowwood, Belfast City District, County Antrim, Northern Ireland / Tuaisceart Éireann, BT3 9JL, United Kingdom",fuel,amenity,2335173351.0,https://www.openstreetmap.org/node/2335173351,candidate
star:3282-3281-32823-3,star of 3282-3281-32823-3,STAR,220.0,0.0,0.0,,"coordinates are (0, 0)",True,-5.8892945,54.63263,"Star, West Bank Road, Belfast Harbour, Lowwood, Belfast City District, County Antrim, Northern Ireland / Tuaisceart Éireann, BT3 9JL, United Kingdom",fuel,amenity,2335173351.0,https://www.openstreetmap.org/node/2335173351,candidate
star:3282-32810-32824-4,star of 3282-32810-32824-4,STAR,220.0,0.0,0.0,,"coordinates are (0, 0)",True,-5.8892945,54.63263,"Star, West Bank Road, Belfast Harbour, Lowwood, Belfast City District, County Antrim, Northern Ireland / Tuaisceart Éireann, BT3 9JL, United Kingdom",fuel,amenity,2335173351.0,https://www.openstreetmap.org/node/2335173351,candidate
star:3332-3331-33321-1,star of 3332-3331-33321-1,STAR,220.0,0.0,0.0,,"coordinates are (0, 0)",True,-5.8892945,54.63263,"Star, West Bank Road, Belfast Harbour, Lowwood, Belfast City District, County Antrim, Northern Ireland / Tuaisceart Éireann, BT3 9JL, United Kingdom",fuel,amenity,2335173351.0,https://www.openstreetmap.org/node/2335173351,candidate
star:3332-3331-33323-3,star of 3332-3331-33323-3,STAR,220.0,0.0,0.0,,"coordinates are (0, 0)",True,-5.8892945,54.63263,"Star, West Bank Road, Belfast Harbour, Lowwood, Belfast City District, County Antrim, Northern Ireland / Tuaisceart Éireann, BT3 9JL, United Kingdom",fuel,amenity,2335173351.0,https://www.openstreetmap.org/node/2335173351,candidate
star:3342-3341-33421-1,star of 3342-3341-33421-1,STAR,220.0,0.0,0.0,,"coordinates are (0, 0)",True,-5.8892945,54.63263,"Star, West Bank Road, Belfast Harbour, Lowwood, Belfast City District, County Antrim, Northern Ireland / Tuaisceart Éireann, BT3 9JL, United Kingdom",fuel,amenity,2335173351.0,https://www.openstreetmap.org/node/2335173351,candidate
star:3342-3341-33422-2,star of 3342-3341-33422-2,STAR,220.0,0.0,0.0,,"coordinates are (0, 0)",True,-5.8892945,54.63263,"Star, West Bank Road, Belfast Harbour, Lowwood, Belfast City District, County Antrim, Northern Ireland / Tuaisceart Éireann, BT3 9JL, United Kingdom",fuel,amenity,2335173351.0,https://www.openstreetmap.org/node/2335173351,candidate
star:3462-3461-34621-1,star of 3462-3461-34621-1,STAR,220.0,0.0,0.0,,"coordinates are (0, 0)",True,-5.8892945,54.63263,"Star, West Bank Road, Belfast Harbour, Lowwood, Belfast City District, County Antrim, Northern Ireland / Tuaisceart Éireann, BT3 9JL, United Kingdom",fuel,amenity,2335173351.0,https://www.openstreetmap.org/node/2335173351,candidate
star:3462-3461-34622-2,star of 3462-3461-34622-2,STAR,220.0,0.0,0.0,,"coordinates are (0, 0)",True,-5.8892945,54.63263,"Star, West Bank Road, Belfast Harbour, Lowwood, Belfast City District, County Antrim, Northern Ireland / Tuaisceart Éireann, BT3 9JL, United Kingdom",fuel,amenity,2335173351.0,https://www.openstreetmap.org/node/2335173351,candidate
star:3464-3462-34641-1,star of 3464-3462-34641-1,STAR,380.0,0.0,0.0,,"coordinates are (0, 0)",True,-5.8892945,54.63263,"Star, West Bank Road, Belfast Harbour, Lowwood, Belfast City District, County Antrim, Northern Ireland / Tuaisceart Éireann, BT3 9JL, United Kingdom",fuel,amenity,2335173351.0,https://www.openstreetmap.org/node/2335173351,candidate
star:3472-3471-34721-1,star of 3472-3471-34721-1,STAR,220.0,0.0,0.0,,"coordinates are (0, 0)",True,-5.8892945,54.63263,"Star, West Bank Road, Belfast Harbour, Lowwood, Belfast City District, County Antrim, Northern Ireland / Tuaisceart Éireann, BT3 9JL, United Kingdom",fuel,amenity,2335173351.0,https://www.openstreetmap.org/node/2335173351,candidate
star:3472-3471-34722-2,star of 3472-3471-34722-2,STAR,220.0,0.0,0.0,,"coordinates are (0, 0)",True,-5.8892945,54.63263,"Star, West Bank Road, Belfast Harbour, Lowwood, Belfast City District, County Antrim, Northern Ireland / Tuaisceart Éireann, BT3 9JL, United Kingdom",fuel,amenity,2335173351.0,https://www.openstreetmap.org/node/2335173351,candidate
star:3472-3471-34723-3,star of 3472-3471-34723-3,STAR,220.0,0.0,0.0,,"coordinates are (0, 0)",True,-5.8892945,54.63263,"Star, West Bank Road, Belfast Harbour, Lowwood, Belfast City District, County Antrim, Northern Ireland / Tuaisceart Éireann, BT3 9JL, United Kingdom",fuel,amenity,2335173351.0,https://www.openstreetmap.org/node/2335173351,candidate
star:3472-3471-34724-4,star of 3472-3471-34724-4,STAR,220.0,0.0,0.0,,"coordinates are (0, 0)",True,-5.8892945,54.63263,"Star, West Bank Road, Belfast Harbour, Lowwood, Belfast City District, County Antrim, Northern Ireland / Tuaisceart Éireann, BT3 9JL, United Kingdom",fuel,amenity,2335173351.0,https://www.openstreetmap.org/node/2335173351,candidate
star:3522-3521-35221-1,star of 3522-3521-35221-1,STAR,220.0,0.0,0.0,,"coordinates are (0, 0)",True,-5.8892945,54.63263,"Star, West Bank Road, Belfast Harbour, Lowwood, Belfast City District, County Antrim, Northern Ireland / Tuaisceart Éireann, BT3 9JL, United Kingdom",fuel,amenity,2335173351.0,https://www.openstreetmap.org/node/2335173351,candidate
star:3522-3521-35223-3,star of 3522-3521-35223-3,STAR,220.0,0.0,0.0,,"coordinates are (0, 0)",True,-5.8892945,54.63263,"Star, West Bank Road, Belfast Harbour, Lowwood, Belfast City District, County Antrim, Northern Ireland / Tuaisceart Éireann, BT3 9JL, United Kingdom",fuel,amenity,2335173351.0,https://www.openstreetmap.org/node/2335173351,candidate
star:3522-35211-35222-2,star of 3522-35211-35222-2,STAR,220.0,0.0,0.0,,"coordinates are (0, 0)",True,-5.8892945,54.63263,"Star, West Bank Road, Belfast Harbour, Lowwood, Belfast City District, County Antrim, Northern Ireland / Tuaisceart Éireann, BT3 9JL, United Kingdom",fuel,amenity,2335173351.0,https://www.openstreetmap.org/node/2335173351,candidate
star:3522-35211-35224-4,star of 3522-35211-35224-4,STAR,220.0,0.0,0.0,,"coordinates are (0, 0)",True,-5.8892945,54.63263,"Star, West Bank Road, Belfast Harbour, Lowwood, Belfast City District, County Antrim, Northern Ireland / Tuaisceart Éireann, BT3 9JL, United Kingdom",fuel,amenity,2335173351.0,https://www.openstreetmap.org/node/2335173351,candidate
star:3522-35231-35236-1,star of 3522-35231-35236-1,STAR,220.0,0.0,0.0,,"coordinates are (0, 0)",True,-5.8892945,54.63263,"Star, West Bank Road, Belfast Harbour, Lowwood, Belfast City District, County Antrim, Northern Ireland / Tuaisceart Éireann, BT3 9JL, United Kingdom",fuel,amenity,2335173351.0,https://www.openstreetmap.org/node/2335173351,candidate
star:3522-35231-35238-3,star of 3522-35231-35238-3,STAR,220.0,0.0,0.0,,"coordinates are (0, 0)",True,-5.8892945,54.63263,"Star, West Bank Road, Belfast Harbour, Lowwood, Belfast City District, County Antrim, Northern Ireland / Tuaisceart Éireann, BT3 9JL, United Kingdom",fuel,amenity,2335173351.0,https://www.openstreetmap.org/node/2335173351,candidate
star:3522-35232-35237-2,star of 3522-35232-35237-2,STAR,220.0,0.0,0.0,,"coordinates are (0, 0)",True,-5.8892945,54.63263,"Star, West Bank Road, Belfast Harbour, Lowwood, Belfast City District, County Antrim, Northern Ireland / Tuaisceart Éireann, BT3 9JL, United Kingdom",fuel,amenity,2335173351.0,https://www.openstreetmap.org/node/2335173351,candidate
star:3554-3550-35542-2,star of 3554-3550-35542-2,STAR,380.0,0.0,0.0,,"coordinates are (0, 0)",True,-5.8892945,54.63263,"Star, West Bank Road, Belfast Harbour, Lowwood, Belfast City District, County Antrim, Northern Ireland / Tuaisceart Éireann, BT3 9JL, United Kingdom",fuel,amenity,2335173351.0,https://www.openstreetmap.org/node/2335173351,candidate
star:3554-3551-35541-1,star of 3554-3551-35541-1,STAR,380.0,0.0,0.0,,"coordinates are (0, 0)",True,-5.8892945,54.63263,"Star, West Bank Road, Belfast Harbour, Lowwood, Belfast City District, County Antrim, Northern Ireland / Tuaisceart Éireann, BT3 9JL, United Kingdom",fuel,amenity,2335173351.0,https://www.openstreetmap.org/node/2335173351,candidate
star:3642-3641-36421-1,star of 3642-3641-36421-1,STAR,220.0,0.0,0.0,,"coordinates are (0, 0)",True,-5.8892945,54.63263,"Star, West Bank Road, Belfast Harbour, Lowwood, Belfast City District, County Antrim, Northern Ireland / Tuaisceart Éireann, BT3 9JL, United Kingdom",fuel,amenity,2335173351.0,https://www.openstreetmap.org/node/2335173351,candidate
star:3842-3851-38423-3,star of 3842-3851-38423-3,STAR,220.0,0.0,0.0,,"coordinates are (0, 0)",True,-5.8892945,54.63263,"Star, West Bank Road, Belfast Harbour, Lowwood, Belfast City District, County Antrim, Northern Ireland / Tuaisceart Éireann, BT3 9JL, United Kingdom",fuel,amenity,2335173351.0,https://www.openstreetmap.org/node/2335173351,candidate
star:3842-3851-38424-4,star of 3842-3851-38424-4,STAR,220.0,0.0,0.0,,"coordinates are (0, 0)",True,-5.8892945,54.63263,"Star, West Bank Road, Belfast Harbour, Lowwood, Belfast City District, County Antrim, Northern Ireland / Tuaisceart Éireann, BT3 9JL, United Kingdom",fuel,amenity,2335173351.0,https://www.openstreetmap.org/node/2335173351,candidate
star:3852-3841-38421-1,star of 3852-3841-38421-1,STAR,220.0,0.0,0.0,,"coordinates are (0, 0)",True,-5.8892945,54.63263,"Star, West Bank Road, Belfast Harbour, Lowwood, Belfast City District, County Antrim, Northern Ireland / Tuaisceart Éireann, BT3 9JL, United Kingdom",fuel,amenity,2335173351.0,https://www.openstreetmap.org/node/2335173351,candidate
star:3852-3841-38422-2,star of 3852-3841-38422-2,STAR,220.0,0.0,0.0,,"coordinates are (0, 0)",True,-5.8892945,54.63263,"Star, West Bank Road, Belfast Harbour, Lowwood, Belfast City District, County Antrim, Northern Ireland / Tuaisceart Éireann, BT3 9JL, United Kingdom",fuel,amenity,2335173351.0,https://www.openstreetmap.org/node/2335173351,candidate
star:3934-3942-39402-1,star of 3934-3942-39402-1,STAR,380.0,0.0,0.0,,"coordinates are (0, 0)",True,-5.8892945,54.63263,"Star, West Bank Road, Belfast Harbour, Lowwood, Belfast City District, County Antrim, Northern Ireland / Tuaisceart Éireann, BT3 9JL, United Kingdom",fuel,amenity,2335173351.0,https://www.openstreetmap.org/node/2335173351,candidate
star:3940-3941-39423-1,star of 3940-3941-39423-1,STAR,220.0,0.0,0.0,,"coordinates are (0, 0)",True,-5.8892945,54.63263,"Star, West Bank Road, Belfast Harbour, Lowwood, Belfast City District, County Antrim, Northern Ireland / Tuaisceart Éireann, BT3 9JL, United Kingdom",fuel,amenity,2335173351.0,https://www.openstreetmap.org/node/2335173351,candidate
star:3954-3942-39421-2,star of 3954-3942-39421-2,STAR,380.0,0.0,0.0,,"coordinates are (0, 0)",True,-5.8892945,54.63263,"Star, West Bank Road, Belfast Harbour, Lowwood, Belfast City District, County Antrim, Northern Ireland / Tuaisceart Éireann, BT3 9JL, United Kingdom",fuel,amenity,2335173351.0,https://www.openstreetmap.org/node/2335173351,candidate
star:4384-4382-43821-1,star of 4384-4382-43821-1,STAR,380.0,0.0,0.0,,"coordinates are (0, 0)",True,-5.8892945,54.63263,"Star, West Bank Road, Belfast Harbour, Lowwood, Belfast City District, County Antrim, Northern Ireland / Tuaisceart Éireann, BT3 9JL, United Kingdom",fuel,amenity,2335173351.0,https://www.openstreetmap.org/node/2335173351,candidate
star:4472-4461-44623-3,star of 4472-4461-44623-3,STAR,220.0,0.0,0.0,,"coordinates are (0, 0)",True,-5.8892945,54.63263,"Star, West Bank Road, Belfast Harbour, Lowwood, Belfast City District, County Antrim, Northern Ireland / Tuaisceart Éireann, BT3 9JL, United Kingdom",fuel,amenity,2335173351.0,https://www.openstreetmap.org/node/2335173351,candidate
star:4472-4471-44624-4,star of 4472-4471-44624-4,STAR,220.0,0.0,0.0,,"coordinates are (0, 0)",True,-5.8892945,54.63263,"Star, West Bank Road, Belfast Harbour, Lowwood, Belfast City District, County Antrim, Northern Ireland / Tuaisceart Éireann, BT3 9JL, United Kingdom",fuel,amenity,2335173351.0,https://www.openstreetmap.org/node/2335173351,candidate
star:4664-4662-46621-1,star of 4664-4662-46621-1,STAR,380.0,0.0,0.0,,"coordinates are (0, 0)",True,-5.8892945,54.63263,"Star, West Bank Road, Belfast Harbour, Lowwood, Belfast City District, County Antrim, Northern Ireland / Tuaisceart Éireann, BT3 9JL, United Kingdom",fuel,amenity,2335173351.0,https://www.openstreetmap.org/node/2335173351,candidate
star:4664-4662-46622-2,star of 4664-4662-46622-2,STAR,380.0,0.0,0.0,,"coordinates are (0, 0)",True,-5.8892945,54.63263,"Star, West Bank Road, Belfast Harbour, Lowwood, Belfast City District, County Antrim, Northern Ireland / Tuaisceart Éireann, BT3 9JL, United Kingdom",fuel,amenity,2335173351.0,https://www.openstreetmap.org/node/2335173351,candidate
star:4722-4721-47221-1,star of 4722-4721-47221-1,STAR,220.0,0.0,0.0,,"coordinates are (0, 0)",True,-5.8892945,54.63263,"Star, West Bank Road, Belfast Harbour, Lowwood, Belfast City District, County Antrim, Northern Ireland / Tuaisceart Éireann, BT3 9JL, United Kingdom",fuel,amenity,2335173351.0,https://www.openstreetmap.org/node/2335173351,candidate
star:4722-47210-47222-2,star of 4722-47210-47222-2,STAR,220.0,0.0,0.0,,"coordinates are (0, 0)",True,-5.8892945,54.63263,"Star, West Bank Road, Belfast Harbour, Lowwood, Belfast City District, County Antrim, Northern Ireland / Tuaisceart Éireann, BT3 9JL, United Kingdom",fuel,amenity,2335173351.0,https://www.openstreetmap.org/node/2335173351,candidate
star:4942-4941-49422-2,star of 4942-4941-49422-2,STAR,220.0,0.0,0.0,,"coordinates are (0, 0)",True,-5.8892945,54.63263,"Star, West Bank Road, Belfast Harbour, Lowwood, Belfast City District, County Antrim, Northern Ireland / Tuaisceart Éireann, BT3 9JL, United Kingdom",fuel,amenity,2335173351.0,https://www.openstreetmap.org/node/2335173351,candidate
star:4943-4941-49421-1,star of 4943-4941-49421-1,STAR,220.0,0.0,0.0,,"coordinates are (0, 0)",True,-5.8892945,54.63263,"Star, West Bank Road, Belfast Harbour, Lowwood, Belfast City District, County Antrim, Northern Ireland / Tuaisceart Éireann, BT3 9JL, United Kingdom",fuel,amenity,2335173351.0,https://www.openstreetmap.org/node/2335173351,candidate
star:5042-5041-50421-1,star of 5042-5041-50421-1,STAR,220.0,0.0,0.0,,"coordinates are (0, 0)",True,-5.8892945,54.63263,"Star, West Bank Road, Belfast Harbour, Lowwood, Belfast City District, County Antrim, Northern Ireland / Tuaisceart Éireann, BT3 9JL, United Kingdom",fuel,amenity,2335173351.0,https://www.openstreetmap.org/node/2335173351,candidate
star:5142-51410-51422-2,star of 5142-51410-51422-2,STAR,220.0,0.0,0.0,,"coordinates are (0, 0)",True,-5.8892945,54.63263,"Star, West Bank Road, Belfast Harbour, Lowwood, Belfast City District, County Antrim, Northern Ireland / Tuaisceart Éireann, BT3 9JL, United Kingdom",fuel,amenity,2335173351.0,https://www.openstreetmap.org/node/2335173351,candidate
star:5464-5462-54621-1,star of 5464-5462-54621-1,STAR,380.0,0.0,0.0,,"coordinates are (0, 0)",True,-5.8892945,54.63263,"Star, West Bank Road, Belfast Harbour, Lowwood, Belfast City District, County Antrim, Northern Ireland / Tuaisceart Éireann, BT3 9JL, United Kingdom",fuel,amenity,2335173351.0,https://www.openstreetmap.org/node/2335173351,candidate
star:5464-5462-54624-4,star of 5464-5462-54624-4,STAR,380.0,0.0,0.0,,"coordinates are (0, 0)",True,-5.8892945,54.63263,"Star, West Bank Road, Belfast Harbour, Lowwood, Belfast City District, County Antrim, Northern Ireland / Tuaisceart Éireann, BT3 9JL, United Kingdom",fuel,amenity,2335173351.0,https://www.openstreetmap.org/node/2335173351,candidate
star:5464-54622-54623-2,star of 5464-54622-54623-2,STAR,380.0,0.0,0.0,,"coordinates are (0, 0)",True,-5.8892945,54.63263,"Star, West Bank Road, Belfast Harbour, Lowwood, Belfast City District, County Antrim, Northern Ireland / Tuaisceart Éireann, BT3 9JL, United Kingdom",fuel,amenity,2335173351.0,https://www.openstreetmap.org/node/2335173351,candidate
star:70510-70520-70561-1,star of 70510-70520-70561-1,STAR,110.0,0.0,0.0,,"coordinates are (0, 0)",True,-5.8892945,54.63263,"Star, West Bank Road, Belfast Harbour, Lowwood, Belfast City District, County Antrim, Northern Ireland / Tuaisceart Éireann, BT3 9JL, United Kingdom",fuel,amenity,2335173351.0,https://www.openstreetmap.org/node/2335173351,candidate
star:70510-70520-70562-1,star of 70510-70520-70562-1,STAR,110.0,0.0,0.0,,"coordinates are (0, 0)",True,-5.8892945,54.63263,"Star, West Bank Road, Belfast Harbour, Lowwood, Belfast City District, County Antrim, Northern Ireland / Tuaisceart Éireann, BT3 9JL, United Kingdom",fuel,amenity,2335173351.0,https://www.openstreetmap.org/node/2335173351,candidate
star:74511-74520-74562-1,star of 74511-74520-74562-1,STAR,110.0,0.0,0.0,,"coordinates are (0, 0)",True,-5.8892945,54.63263,"Star, West Bank Road, Belfast Harbour, Lowwood, Belfast City District, County Antrim, Northern Ireland / Tuaisceart Éireann, BT3 9JL, United Kingdom",fuel,amenity,2335173351.0,https://www.openstreetmap.org/node/2335173351,candidate
star:74511-74520-74564-1,star of 74511-74520-74564-1,STAR,110.0,0.0,0.0,,"coordinates are (0, 0)",True,-5.8892945,54.63263,"Star, West Bank Road, Belfast Harbour, Lowwood, Belfast City District, County Antrim, Northern Ireland / Tuaisceart Éireann, BT3 9JL, United Kingdom",fuel,amenity,2335173351.0,https://www.openstreetmap.org/node/2335173351,candidate
star:74512-74520-74563-1,star of 74512-74520-74563-1,STAR,110.0,0.0,0.0,,"coordinates are (0, 0)",True,-5.8892945,54.63263,"Star, West Bank Road, Belfast Harbour, Lowwood, Belfast City District, County Antrim, Northern Ireland / Tuaisceart Éireann, BT3 9JL, United Kingdom",fuel,amenity,2335173351.0,https://www.openstreetmap.org/node/2335173351,candidate
star:75510-75520-75561-1,star of 75510-75520-75561-1,STAR,110.0,0.0,0.0,,"coordinates are (0, 0)",True,-5.8892945,54.63263,"Star, West Bank Road, Belfast Harbour, Lowwood, Belfast City District, County Antrim, Northern Ireland / Tuaisceart Éireann, BT3 9JL, United Kingdom",fuel,amenity,2335173351.0,https://www.openstreetmap.org/node/2335173351,candidate
star:75511-75520-75562-1,star of 75511-75520-75562-1,STAR,110.0,0.0,0.0,,"coordinates are (0, 0)",True,-5.8892945,54.63263,"Star, West Bank Road, Belfast Harbour, Lowwood, Belfast City District, County Antrim, Northern Ireland / Tuaisceart Éireann, BT3 9JL, United Kingdom",fuel,amenity,2335173351.0,https://www.openstreetmap.org/node/2335173351,candidate
star:81010-81020-81061-1,star of 81010-81020-81061-1,STAR,110.0,0.0,0.0,,"coordinates are (0, 0)",True,-5.8892945,54.63263,"Star, West Bank Road, Belfast Harbour, Lowwood, Belfast City District, County Antrim, Northern Ireland / Tuaisceart Éireann, BT3 9JL, United Kingdom",fuel,amenity,2335173351.0,https://www.openstreetmap.org/node/2335173351,candidate
star:81010-81020-81062-1,star of 81010-81020-81062-1,STAR,110.0,0.0,0.0,,"coordinates are (0, 0)",True,-5.8892945,54.63263,"Star, West Bank Road, Belfast Harbour, Lowwood, Belfast City District, County Antrim, Northern Ireland / Tuaisceart Éireann, BT3 9JL, United Kingdom",fuel,amenity,2335173351.0,https://www.openstreetmap.org/node/2335173351,candidate
star:81011-81020-81063-1,star of 81011-81020-81063-1,STAR,110.0,0.0,0.0,,"coordinates are (0, 0)",True,-5.8892945,54.63263,"Star, West Bank Road, Belfast Harbour, Lowwood, Belfast City District, County Antrim, Northern Ireland / Tuaisceart Éireann, BT3 9JL, United Kingdom",fuel,amenity,2335173351.0,https://www.openstreetmap.org/node/2335173351,candidate
star:81510-81520-81561-1,star of 81510-81520-81561-1,STAR,110.0,0.0,0.0,,"coordinates are (0, 0)",True,-5.8892945,54.63263,"Star, West Bank Road, Belfast Harbour, Lowwood, Belfast City District, County Antrim, Northern Ireland / Tuaisceart Éireann, BT3 9JL, United Kingdom",fuel,amenity,2335173351.0,https://www.openstreetmap.org/node/2335173351,candidate
star:81510-81520-81562-1,star of 81510-81520-81562-1,STAR,110.0,0.0,0.0,,"coordinates are (0, 0)",True,-5.8892945,54.63263,"Star, West Bank Road, Belfast Harbour, Lowwood, Belfast City District, County Antrim, Northern Ireland / Tuaisceart Éireann, BT3 9JL, United Kingdom",fuel,amenity,2335173351.0,https://www.openstreetmap.org/node/2335173351,candidate
star:90011-90020-90061-1,star of 90011-90020-90061-1,STAR,110.0,0.0,0.0,,"coordinates are (0, 0)",True,-5.8892945,54.63263,"Star, West Bank Road, Belfast Harbour, Lowwood, Belfast City District, County Antrim, Northern Ireland / Tuaisceart Éireann, BT3 9JL, United Kingdom",fuel,amenity,2335173351.0,https://www.openstreetmap.org/node/2335173351,candidate
star:90011-90020-90062-1,star of 90011-90020-90062-1,STAR,110.0,0.0,0.0,,"coordinates are (0, 0)",True,-5.8892945,54.63263,"Star, West Bank Road, Belfast Harbour, Lowwood, Belfast City District, County Antrim, Northern Ireland / Tuaisceart Éireann, BT3 9JL, United Kingdom",fuel,amenity,2335173351.0,https://www.openstreetmap.org/node/2335173351,candidate
star:90012-90020-90063-1,star of 90012-90020-90063-1,STAR,110.0,0.0,0.0,,"coordinates are (0, 0)",True,-5.8892945,54.63263,"Star, West Bank Road, Belfast Harbour, Lowwood, Belfast City District, County Antrim, Northern Ireland / Tuaisceart Éireann, BT3 9JL, United Kingdom",fuel,amenity,2335173351.0,https://www.openstreetmap.org/node/2335173351,candidate
star:90310-90320-90361-1,star of 90310-90320-90361-1,STAR,110.0,0.0,0.0,,"coordinates are (0, 0)",True,-5.8892945,54.63263,"Star, West Bank Road, Belfast Harbour, Lowwood, Belfast City District, County Antrim, Northern Ireland / Tuaisceart Éireann, BT3 9JL, United Kingdom",fuel,amenity,2335173351.0,https://www.openstreetmap.org/node/2335173351,candidate
star:90310-90320-90362-1,star of 90310-90320-90362-1,STAR,110.0,0.0,0.0,,"coordinates are (0, 0)",True,-5.8892945,54.63263,"Star, West Bank Road, Belfast Harbour, Lowwood, Belfast City District, County Antrim, Northern Ireland / Tuaisceart Éireann, BT3 9JL, United Kingdom",fuel,amenity,2335173351.0,https://www.openstreetmap.org/node/2335173351,candidate
star:90420-90440-90461-1,star of 90420-90440-90461-1,STAR,275.0,0.0,0.0,,"coordinates are (0, 0)",True,-5.8892945,54.63263,"Star, West Bank Road, Belfast Harbour, Lowwood, Belfast City District, County Antrim, Northern Ireland / Tuaisceart Éireann, BT3 9JL, United Kingdom",fuel,amenity,2335173351.0,https://www.openstreetmap.org/node/2335173351,candidate
star:90420-90440-90462-1,star of 90420-90440-90462-1,STAR,275.0,0.0,0.0,,"coordinates are (0, 0)",True,-5.8892945,54.63263,"Star, West Bank Road, Belfast Harbour, Lowwood, Belfast City District, County Antrim, Northern Ireland / Tuaisceart Éireann, BT3 9JL, United Kingdom",fuel,amenity,2335173351.0,https://www.openstreetmap.org/node/2335173351,candidate
star:90420-90440-90463-1,star of 90420-90440-90463-1,STAR,275.0,0.0,0.0,,"coordinates are (0, 0)",True,-5.8892945,54.63263,"Star, West Bank Road, Belfast Harbour, Lowwood, Belfast City District, County Antrim, Northern Ireland / Tuaisceart Éireann, BT3 9JL, United Kingdom",fuel,amenity,2335173351.0,https://www.openstreetmap.org/node/2335173351,candidate
