name,psse_name,station,v_nom,search_name,candidate_rank,text_score,combined_score,voltage_match,review_status,osm_name,osm_lon,osm_lat,osm_voltage,osm_substation,osm_operator,osm_ref,osm_type,osm_id,osm_url,x,y,geocode_method,reason,search_name_normalised,osm_location
11261,W_ARKLOW_OFF,ARKLOW_OFF,220.0,ARKLOW_OFF,1,90.0,100.0,True,strong candidate,Arklow 220kV Substation,-6.147732,52.8151839,220000;110000;38000;10000,transmission,EirGrid,,way,147525695,https://www.openstreetmap.org/way/147525695,0.0,0.0,,"coordinates are (0, 0)",arklow,
11261,W_ARKLOW_OFF,ARKLOW_OFF,220.0,ARKLOW_OFF,2,75.0,75.0,False,possible candidate - manual review,Carlow 110kV Substation,-6.8445771,52.8325066,110000;38000,transmission,EirGrid,,way,170568529,https://www.openstreetmap.org/way/170568529,0.0,0.0,,"coordinates are (0, 0)",arklow,
11261,W_ARKLOW_OFF,ARKLOW_OFF,220.0,ARKLOW_OFF,3,68.4,68.4,False,possible candidate - manual review,Wicklow 38kV Substation,-6.0656179,52.9806614,38000,distribution,ESB Networks,,way,375426379,https://www.openstreetmap.org/way/375426379,0.0,0.0,,"coordinates are (0, 0)",arklow,
11261,W_ARKLOW_OFF,ARKLOW_OFF,220.0,ARKLOW_OFF,4,62.2,62.2,False,possible candidate - manual review,Mallow Hospital,-8.6627286,52.1509823,10000;400;230,minor_distribution,ESB Networks,022858,way,1265857519,https://www.openstreetmap.org/way/1265857519,0.0,0.0,,"coordinates are (0, 0)",arklow,
11261,W_ARKLOW_OFF,ARKLOW_OFF,220.0,ARKLOW_OFF,5,60.0,60.0,False,possible candidate - manual review,Mallow 110kV Substation,-8.6206886,52.1431365,110000;38000;10000,transmission,EirGrid,,way,129111454,https://www.openstreetmap.org/way/129111454,0.0,0.0,,"coordinates are (0, 0)",arklow,
1151,BALLINKNOCKA,BALLINKNOCKA,110.0,BALLINKNOCKA,1,66.3,66.3,False,possible candidate - manual review,Ballinacurra 38 kV Substation,-8.6366225,52.6492816,38000,distribution,ESB Networks,,way,429440292,https://www.openstreetmap.org/way/429440292,0.0,0.0,,"coordinates are (0, 0)",ballinknocka,
1151,BALLINKNOCKA,BALLINKNOCKA,110.0,BALLINKNOCKA,2,66.3,66.3,False,possible candidate - manual review,Ballincollig Hill 38kV Substation,-9.6030239,52.3078494,38000,generation,ESB Networks,,way,437215819,https://www.openstreetmap.org/way/437215819,0.0,0.0,,"coordinates are (0, 0)",ballinknocka,
1151,BALLINKNOCKA,BALLINKNOCKA,110.0,BALLINKNOCKA,3,66.3,66.3,False,possible candidate - manual review,Ballincollig 38 kV Substation,-8.6175382,51.8768324,38000;20000;10000,distribution,ESB Networks,,way,517518812,https://www.openstreetmap.org/way/517518812,0.0,0.0,,"coordinates are (0, 0)",ballinknocka,
1151,BALLINKNOCKA,BALLINKNOCKA,110.0,BALLINKNOCKA,4,66.3,66.3,False,possible candidate - manual review,Ballinasloe 38 kV Substation,-8.1874797,53.3214208,38000;10000,distribution,ESB Networks,,way,480699371,https://www.openstreetmap.org/way/480699371,0.0,0.0,,"coordinates are (0, 0)",ballinknocka,
1151,BALLINKNOCKA,BALLINKNOCKA,110.0,BALLINKNOCKA,5,66.3,66.3,False,possible candidate - manual review,Ballinclea 38 kV Substation,-6.1221232,53.2708556,38000;10000,distribution,ESB Networks,,way,1454863639,https://www.openstreetmap.org/way/1454863639,0.0,0.0,,"coordinates are (0, 0)",ballinknocka,
14619,BARRYM T,BARRYM,110.0,BARRYM,1,90.0,100.0,True,strong candidate,Barrymore 110kV Substation,-8.2546807,52.0958683,110000;38000,transmission,EirGrid,,way,236651495,https://www.openstreetmap.org/way/236651495,0.0,0.0,,"coordinates are (0, 0)",barrym,
14619,BARRYM T,BARRYM,110.0,BARRYM,2,75.0,85.0,True,possible candidate - voltage agrees,110kV Kilbarry Electrical Substation,-8.4769397,51.9224604,110000;38000;10000,transmission,EirGrid,,way,31330615,https://www.openstreetmap.org/way/31330615,0.0,0.0,,"coordinates are (0, 0)",barrym,
14619,BARRYM T,BARRYM,110.0,BARRYM,3,68.4,68.4,False,possible candidate - manual review,Cawdor Barracks Substation,-5.1296406,51.8775905,11000;400,minor_distribution,National Grid Electricity Distribution Plc,,node,12244409451,https://www.openstreetmap.org/node/12244409451,0.0,0.0,,"coordinates are (0, 0)",barrym,
14619,BARRYM T,BARRYM,110.0,BARRYM,4,65.5,65.5,False,possible candidate - manual review,Garryspillane 38 kV Substation,-8.3872414,52.4030449,38000;10000,distribution,ESB Networks,,way,179211659,https://www.openstreetmap.org/way/179211659,0.0,0.0,,"coordinates are (0, 0)",barrym,
14619,BARRYM T,BARRYM,110.0,BARRYM,5,65.5,65.5,False,possible candidate - manual review,Garryowen 38 kV Substation,-8.6137881,52.6610827,38000;10000,distribution,ESB Networks,,way,444719905,https://www.openstreetmap.org/way/444719905,0.0,0.0,,"coordinates are (0, 0)",barrym,
14720,NISA BELCAMP,NISA BELCAMP,220.0,NISA BELCAMP,1,85.5,95.5,True,strong candidate,Belcamp 220kV Substation,-6.2025287,53.409766,220000;110000,transmission,EirGrid,,way,714018181,https://www.openstreetmap.org/way/714018181,0.0,0.0,,"coordinates are (0, 0)",nisa belcamp,
14720,NISA BELCAMP,NISA BELCAMP,220.0,NISA BELCAMP,2,51.4,51.4,False,weak match,Annabella 38kV Substation,-8.6532621,52.1408766,38000,generation,ESB Networks,,way,462226928,https://www.openstreetmap.org/way/462226928,0.0,0.0,,"coordinates are (0, 0)",nisa belcamp,
14720,NISA BELCAMP,NISA BELCAMP,220.0,NISA BELCAMP,3,51.4,51.4,False,weak match,MVP-1,-8.5700637,52.6735236,10000,industrial,ESB Networks,MVP-1,way,1436546067,https://www.openstreetmap.org/way/1436546067,0.0,0.0,,"coordinates are (0, 0)",nisa belcamp,indoor
14720,NISA BELCAMP,NISA BELCAMP,220.0,NISA BELCAMP,4,51.4,51.4,False,weak match,MVP-5,-8.572201,52.6734253,10000,industrial,ESB Networks,MVP-5,way,1436546068,https://www.openstreetmap.org/way/1436546068,0.0,0.0,,"coordinates are (0, 0)",nisa belcamp,indoor
14720,NISA BELCAMP,NISA BELCAMP,220.0,NISA BELCAMP,5,49.1,49.1,False,weak match,Novartis,-8.3436362,51.8270663,38000,industrial,ESB Networks,,way,339515165,https://www.openstreetmap.org/way/339515165,0.0,0.0,,"coordinates are (0, 0)",nisa belcamp,
17420,DUBLIN ARRAY,DUBLIN ARRAY,220.0,DUBLIN ARRAY,1,85.5,85.5,False,good name match - check voltage,Dublin Landings BL 3,-6.233624,53.3484911,10000,distribution,ESB Networks,0684271,node,10120757415,https://www.openstreetmap.org/node/10120757415,0.0,0.0,,"coordinates are (0, 0)",dublin array,
17420,DUBLIN ARRAY,DUBLIN ARRAY,220.0,DUBLIN ARRAY,2,85.5,85.5,False,good name match - check voltage,Dublin Landings BL 4,-6.2343587,53.3485369,10000,distribution,ESB Networks,,node,10120757416,https://www.openstreetmap.org/node/10120757416,0.0,0.0,,"coordinates are (0, 0)",dublin array,
17420,DUBLIN ARRAY,DUBLIN ARRAY,220.0,DUBLIN ARRAY,3,60.0,60.0,False,possible candidate - manual review,Ballinacurra 38 kV Substation,-8.6366225,52.6492816,38000,distribution,ESB Networks,,way,429440292,https://www.openstreetmap.org/way/429440292,0.0,0.0,,"coordinates are (0, 0)",dublin array,
17420,DUBLIN ARRAY,DUBLIN ARRAY,220.0,DUBLIN ARRAY,4,60.0,60.0,False,possible candidate - manual review,Drumlins Park Wind Farm 110 kV Substation,-7.1528216,54.1252631,110000;33000,generation,EirGrid,,way,1231184266,https://www.openstreetmap.org/way/1231184266,0.0,0.0,,"coordinates are (0, 0)",dublin array,
17420,DUBLIN ARRAY,DUBLIN ARRAY,220.0,DUBLIN ARRAY,5,57.0,57.0,False,possible candidate - manual review,MAIN SUB,-8.5767368,52.6803697,10000,minor_distribution,,MVN-1,way,1423994120,https://www.openstreetmap.org/way/1423994120,0.0,0.0,,"coordinates are (0, 0)",dublin array,
18810,BALLYNADRIDE,BALLYNADRIDE,110.0,BALLYNADRIDE,1,73.6,73.6,False,possible candidate - manual review,Ballycadden 20kV Substation,-6.5240436,52.6435181,20000,generation,ESB Networks,,way,798510028,https://www.openstreetmap.org/way/798510028,0.0,0.0,,"coordinates are (0, 0)",ballynadride,
18810,BALLYNADRIDE,BALLYNADRIDE,110.0,BALLYNADRIDE,2,72.0,72.0,False,possible candidate - manual review,Ballyard 38 kV Substation,-9.7037918,52.2565709,38000,distribution,ESB Networks,,way,209985873,https://www.openstreetmap.org/way/209985873,0.0,0.0,,"coordinates are (0, 0)",ballynadride,
18810,BALLYNADRIDE,BALLYNADRIDE,110.0,BALLYNADRIDE,3,68.6,78.6,True,possible candidate - voltage agrees,Ballydine 110kV Substation,-7.5207213,52.361399,110000;38000;10000,transmission,EirGrid,,way,172572963,https://www.openstreetmap.org/way/172572963,0.0,0.0,,"coordinates are (0, 0)",ballynadride,
18810,BALLYNADRIDE,BALLYNADRIDE,110.0,BALLYNADRIDE,4,68.6,78.6,True,possible candidate - voltage agrees,Ballynahinch Main 110 kV Substation,-5.8782828,54.3907852,110000,transmission,NIE Networks,10000864,way,166809466,https://www.openstreetmap.org/way/166809466,0.0,0.0,,"coordinates are (0, 0)",ballynadride,
18810,BALLYNADRIDE,BALLYNADRIDE,110.0,BALLYNADRIDE,5,68.6,68.6,False,possible candidate - manual review,Ballynahinch North 33 kV Substation,-5.9012116,54.4058388,33000,distribution,NIE Networks,10000624,way,1040663430,https://www.openstreetmap.org/way/1040663430,0.0,0.0,,"coordinates are (0, 0)",ballynadride,
2061,CASTLETREASU,CASTLETREASU,110.0,CASTLETREASU,1,77.1,77.1,False,possible candidate - manual review,Castlerea 38 kV Substation,-8.4533352,53.7575799,38000,distribution,ESB Networks,,way,223301305,https://www.openstreetmap.org/way/223301305,0.0,0.0,,"coordinates are (0, 0)",castletreasu,
2061,CASTLETREASU,CASTLETREASU,110.0,CASTLETREASU,2,77.1,77.1,False,possible candidate - manual review,Castlereagh 275kV Substation,-5.8784287,54.5629404,275000,transmission,NIE Networks,,way,148266260,https://www.openstreetmap.org/way/148266260,0.0,0.0,,"coordinates are (0, 0)",castletreasu,
2061,CASTLETREASU,CASTLETREASU,110.0,CASTLETREASU,3,72.0,72.0,False,possible candidate - manual review,CASTLETROY SEW KIOSK,-8.5808402,52.6749835,10000,,ESB Networks,067289 Z,node,13120247042,https://www.openstreetmap.org/node/13120247042,0.0,0.0,,"coordinates are (0, 0)",castletreasu,
2061,CASTLETREASU,CASTLETREASU,110.0,CASTLETREASU,4,72.0,72.0,False,possible candidate - manual review,Castletroy 38kV Substation,-8.5563319,52.6764798,38000,distribution,ESB Networks,,way,260160152,https://www.openstreetmap.org/way/260160152,0.0,0.0,,"coordinates are (0, 0)",castletreasu,
2061,CASTLETREASU,CASTLETREASU,110.0,CASTLETREASU,5,67.5,77.5,True,possible candidate - voltage agrees,Grange Castle East 110kV Cable Compound,-6.4332542,53.3283584,110000,transition,EirGrid,,way,98792229,https://www.openstreetmap.org/way/98792229,0.0,0.0,,"coordinates are (0, 0)",castletreasu,
22861,DALT_CAP,DALT,110.0,DALT,1,90.0,100.0,True,strong candidate,Dalton 110kV Substation,-8.9814054,53.7200541,110000;38000;20000,transmission,EirGrid,,way,201208741,https://www.openstreetmap.org/way/201208741,0.0,0.0,,"coordinates are (0, 0)",dalt,
22861,DALT_CAP,DALT,110.0,DALT,2,77.1,77.1,False,possible candidate - manual review,Dalkey DART Substation,-6.101731,53.2751899,38000,traction,Irish Rail,,way,409181485,https://www.openstreetmap.org/way/409181485,0.0,0.0,,"coordinates are (0, 0)",dalt,
22861,DALT_CAP,DALT,110.0,DALT,3,77.1,77.1,False,possible candidate - manual review,Dalkey DART Substation,-6.1012869,53.275076,38000,traction,Irish Rail,,way,409181486,https://www.openstreetmap.org/way/409181486,0.0,0.0,,"coordinates are (0, 0)",dalt,
22861,DALT_CAP,DALT,110.0,DALT,4,77.1,87.1,True,possible candidate - voltage agrees,Dallow 110kV Substation,-7.928076,53.1259869,110000;38000,transmission,EirGrid,,way,513993739,https://www.openstreetmap.org/way/513993739,0.0,0.0,,"coordinates are (0, 0)",dalt,
22861,DALT_CAP,DALT,110.0,DALT,5,67.5,77.5,True,possible candidate - voltage agrees,Midleton 110kV Substation,-8.1872013,51.9376618,110000;38000;10000,transmission,EirGrid,,way,243018345,https://www.openstreetmap.org/way/243018345,0.0,0.0,,"coordinates are (0, 0)",dalt,
23019,DUNFIR_T,DUNFIR_T,110.0,DUNFIR_T,1,81.8,91.8,True,possible candidate - voltage agrees,Dunfierth 110kV Substation,-6.8293304,53.3880882,110000;20000,transmission,EirGrid,,way,266499715,https://www.openstreetmap.org/way/266499715,0.0,0.0,,"coordinates are (0, 0)",dunfir,
23019,DUNFIR_T,DUNFIR_T,110.0,DUNFIR_T,2,65.5,65.5,False,possible candidate - manual review,Dundrum Luas Substation,-6.2445799,53.2920974,38000,traction,Luas - Transdev Dublin Light Rail Limited,,node,4261767086,https://www.openstreetmap.org/node/4261767086,0.0,0.0,,"coordinates are (0, 0)",dunfir,underground
23019,DUNFIR_T,DUNFIR_T,110.0,DUNFIR_T,3,65.5,65.5,False,possible candidate - manual review,Dundrum 38 kV Substation,-6.2444191,53.2924318,38000,distribution,ESB Networks,,way,426920123,https://www.openstreetmap.org/way/426920123,0.0,0.0,,"coordinates are (0, 0)",dunfir,
23019,DUNFIR_T,DUNFIR_T,110.0,DUNFIR_T,4,65.5,65.5,False,possible candidate - manual review,Dunsink 38 kV Substation,-6.3404386,53.3884865,38000,generation,ESB Networks,,way,1419065112,https://www.openstreetmap.org/way/1419065112,0.0,0.0,,"coordinates are (0, 0)",dunfir,
23019,DUNFIR_T,DUNFIR_T,110.0,DUNFIR_T,5,65.5,65.5,False,possible candidate - manual review,Dungiven 33kV Substation,-6.9095624,54.9393763,33000,distribution,NIE Networks,,way,681652388,https://www.openstreetmap.org/way/681652388,0.0,0.0,,"coordinates are (0, 0)",dunfir,
2312,DERRYGREENAG,DERRYGREENAG,220.0,DERRYGREENAG,1,66.3,66.3,False,possible candidate - manual review,Derrynadivva 38 kV Substation,-9.3392795,53.9056705,38000,generation,ESB Networks,,way,223191720,https://www.openstreetmap.org/way/223191720,0.0,0.0,,"coordinates are (0, 0)",derrygreenag,
2312,DERRYGREENAG,DERRYGREENAG,220.0,DERRYGREENAG,2,63.0,63.0,False,possible candidate - manual review,Derrycramph 38 kV Substation,-7.3833437,53.9793134,38000,distribution,ESB Networks,,way,489576435,https://www.openstreetmap.org/way/489576435,0.0,0.0,,"coordinates are (0, 0)",derrygreenag,
2312,DERRYGREENAG,DERRYGREENAG,220.0,DERRYGREENAG,3,63.0,63.0,False,possible candidate - manual review,Derrybeg 38kV Substation,-8.2839237,55.0631063,38000,distribution,ESB Networks,,way,201441217,https://www.openstreetmap.org/way/201441217,0.0,0.0,,"coordinates are (0, 0)",derrygreenag,
2312,DERRYGREENAG,DERRYGREENAG,220.0,DERRYGREENAG,4,60.0,60.0,False,possible candidate - manual review,Dereen 38 kV Substation,-9.2094125,51.875617,38000,generation,ESB Networks,,way,1355809028,https://www.openstreetmap.org/way/1355809028,0.0,0.0,,"coordinates are (0, 0)",derrygreenag,
2312,DERRYGREENAG,DERRYGREENAG,220.0,DERRYGREENAG,5,60.0,60.0,False,possible candidate - manual review,Derryiron 110 kV Substation,-7.2138473,53.3581344,110000,transmission,EirGrid,,way,219769028,https://www.openstreetmap.org/way/219769028,0.0,0.0,,"coordinates are (0, 0)",derrygreenag,
2481,FASS EAST,FASS EAST,110.0,FASS EAST,1,85.5,85.5,False,good name match - check voltage,East Blockhouse Angle Substation,-5.1190089,51.6817834,11000;400,minor_distribution,National Grid Electricity Distribution Plc,,node,12292556125,https://www.openstreetmap.org/node/12292556125,0.0,0.0,,"coordinates are (0, 0)",fass east,
2481,FASS EAST,FASS EAST,110.0,FASS EAST,2,85.5,95.5,True,strong candidate,Grange Castle East 110kV Cable Compound,-6.4332542,53.3283584,110000,transition,EirGrid,,way,98792229,https://www.openstreetmap.org/way/98792229,0.0,0.0,,"coordinates are (0, 0)",fass east,
2481,FASS EAST,FASS EAST,110.0,FASS EAST,3,85.5,85.5,False,good name match - check voltage,Merrion Square East 38kV Substation,-6.246071,53.3388128,38000,distribution,ESB Networks,,way,444107084,https://www.openstreetmap.org/way/444107084,0.0,0.0,,"coordinates are (0, 0)",fass east,
2481,FASS EAST,FASS EAST,110.0,FASS EAST,4,85.5,85.5,False,good name match - check voltage,Lucan East 38kV Substation,-6.4388112,53.3608895,38000,distribution,ESB Networks,,way,449302266,https://www.openstreetmap.org/way/449302266,0.0,0.0,,"coordinates are (0, 0)",fass east,
2481,FASS EAST,FASS EAST,110.0,FASS EAST,5,85.5,85.5,False,good name match - check voltage,East Wall Road 38kV Substation,-6.2256499,53.3531881,38000,distribution,ESB Networks,,way,586374473,https://www.openstreetmap.org/way/586374473,0.0,0.0,,"coordinates are (0, 0)",fass east,
2491,FASS WEST,FASS WEST,110.0,FASS WEST,1,85.5,85.5,False,good name match - check voltage,Milford (Mid-West) 38 kV Substation,-8.8603319,52.339136,38000;20000;10000,distribution,ESB Networks,,way,435649480,https://www.openstreetmap.org/way/435649480,0.0,0.0,,"coordinates are (0, 0)",fass west,
2491,FASS WEST,FASS WEST,110.0,FASS WEST,2,85.5,85.5,False,good name match - check voltage,West Pill Angle Substation,-5.1074981,51.6892669,11000;400,minor_distribution,National Grid Electricity Distribution Plc,,node,12292556166,https://www.openstreetmap.org/node/12292556166,0.0,0.0,,"coordinates are (0, 0)",fass west,
2491,FASS WEST,FASS WEST,110.0,FASS WEST,3,85.5,95.5,True,strong candidate,Grange Castle West 110kV Cable Compound,-6.4516328,53.3292044,110000,transition,EirGrid,,way,98820679,https://www.openstreetmap.org/way/98820679,0.0,0.0,,"coordinates are (0, 0)",fass west,
2491,FASS WEST,FASS WEST,110.0,FASS WEST,4,85.5,85.5,False,good name match - check voltage,Tara West 001188X,-6.2059961,53.3128255,10000,minor_distribution,ESB Networks,Tara West 001188X,way,893157943,https://www.openstreetmap.org/way/893157943,0.0,0.0,,"coordinates are (0, 0)",fass west,
2491,FASS WEST,FASS WEST,110.0,FASS WEST,5,85.5,85.5,False,good name match - check voltage,Carrickfergus West 33 kV Substation,-5.8453947,54.7128063,33000,distribution,NIE Networks,,way,395553863,https://www.openstreetmap.org/way/395553863,0.0,0.0,,"coordinates are (0, 0)",fass west,
2541,FRN ST A,FRN ST A,110.0,FRN ST A,1,85.5,85.5,False,good name match - check voltage,I.D.A BUSINESS PK 10KV SUB,-8.5785781,52.673623,10000;415,minor_distribution,ESB Networks,067108X,relation,19692263,https://www.openstreetmap.org/relation/19692263,0.0,0.0,,"coordinates are (0, 0)",frn st a,
2541,FRN ST A,FRN ST A,110.0,FRN ST A,2,85.5,85.5,False,good name match - check voltage,Strumble Head Lighthouse St.Nicholas Substation,-5.0713643,52.0292912,11000;400,distribution,National Grid Electricity Distribution Plc,,node,12181819064,https://www.openstreetmap.org/node/12181819064,0.0,0.0,,"coordinates are (0, 0)",frn st a,
2541,FRN ST A,FRN ST A,110.0,FRN ST A,3,85.5,85.5,False,good name match - check voltage,St Brides View Roch Substation,-5.08739,51.8470877,11000;400,minor_distribution,National Grid Electricity Distribution Plc,,node,12244409195,https://www.openstreetmap.org/node/12244409195,0.0,0.0,,"coordinates are (0, 0)",frn st a,
2541,FRN ST A,FRN ST A,110.0,FRN ST A,4,85.5,85.5,False,good name match - check voltage,Pen Y Garn Housing St Davids Substation,-5.2642679,51.8796545,11000;400,minor_distribution,National Grid Electricity Distribution Plc,,node,12245035226,https://www.openstreetmap.org/node/12245035226,0.0,0.0,,"coordinates are (0, 0)",frn st a,
2541,FRN ST A,FRN ST A,110.0,FRN ST A,5,85.5,85.5,False,good name match - check voltage,Goat St Substation,-5.2694207,51.8807859,11000;400,minor_distribution,National Grid Electricity Distribution Plc,,node,12245035257,https://www.openstreetmap.org/node/12245035257,0.0,0.0,,"coordinates are (0, 0)",frn st a,
2551,FRN ST B,FRN ST B,110.0,FRN ST B,1,85.5,85.5,False,good name match - check voltage,Strumble Head Lighthouse St.Nicholas Substation,-5.0713643,52.0292912,11000;400,distribution,National Grid Electricity Distribution Plc,,node,12181819064,https://www.openstreetmap.org/node/12181819064,0.0,0.0,,"coordinates are (0, 0)",frn st b,
2551,FRN ST B,FRN ST B,110.0,FRN ST B,2,85.5,85.5,False,good name match - check voltage,St Brides View Roch Substation,-5.08739,51.8470877,11000;400,minor_distribution,National Grid Electricity Distribution Plc,,node,12244409195,https://www.openstreetmap.org/node/12244409195,0.0,0.0,,"coordinates are (0, 0)",frn st b,
2551,FRN ST B,FRN ST B,110.0,FRN ST B,3,85.5,85.5,False,good name match - check voltage,Pen Y Garn Housing St Davids Substation,-5.2642679,51.8796545,11000;400,minor_distribution,National Grid Electricity Distribution Plc,,node,12245035226,https://www.openstreetmap.org/node/12245035226,0.0,0.0,,"coordinates are (0, 0)",frn st b,
2551,FRN ST B,FRN ST B,110.0,FRN ST B,4,85.5,85.5,False,good name match - check voltage,Goat St Substation,-5.2694207,51.8807859,11000;400,minor_distribution,National Grid Electricity Distribution Plc,,node,12245035257,https://www.openstreetmap.org/node/12245035257,0.0,0.0,,"coordinates are (0, 0)",frn st b,
2551,FRN ST B,FRN ST B,110.0,FRN ST B,5,85.5,85.5,False,good name match - check voltage,The Cross St Davids Substation,-5.2645733,51.8812038,11000;400,minor_distribution,National Grid Electricity Distribution Plc,,node,12245035304,https://www.openstreetmap.org/node/12245035304,0.0,0.0,,"coordinates are (0, 0)",frn st b,
2601,FIRLOUGH,FIRLOUGH,110.0,FIRLOUGH,1,73.3,73.3,False,possible candidate - manual review,Turlough Road 38 kV Substation,-9.2835142,53.8690938,38000;10000,distribution,ESB Networks,,way,445519148,https://www.openstreetmap.org/way/445519148,0.0,0.0,,"coordinates are (0, 0)",firlough,
2601,FIRLOUGH,FIRLOUGH,110.0,FIRLOUGH,2,73.3,73.3,False,possible candidate - manual review,Turlough Hill,-6.4061441,53.0439505,220000,transition,EirGrid,,way,266025855,https://www.openstreetmap.org/way/266025855,0.0,0.0,,"coordinates are (0, 0)",firlough,
2601,FIRLOUGH,FIRLOUGH,110.0,FIRLOUGH,3,73.3,73.3,False,possible candidate - manual review,Turlough Hill Substation,-6.3965026,53.0329918,220000,generation,EirGrid,,way,288283900,https://www.openstreetmap.org/way/288283900,0.0,0.0,,"coordinates are (0, 0)",firlough,
2601,FIRLOUGH,FIRLOUGH,110.0,FIRLOUGH,4,69.2,69.2,False,possible candidate - manual review,Lough Beg 38 kV Substation,-8.3056508,51.8301736,38000,industrial,ESB Networks,,way,515103979,https://www.openstreetmap.org/way/515103979,0.0,0.0,,"coordinates are (0, 0)",firlough,
2601,FIRLOUGH,FIRLOUGH,110.0,FIRLOUGH,5,69.2,69.2,False,possible candidate - manual review,Loughmore 38 kV Station,-8.6634569,52.622075,38000,industrial,ESB Networks,,way,1497669531,https://www.openstreetmap.org/way/1497669531,0.0,0.0,,"coordinates are (0, 0)",firlough,
2641,GRAHOMICK,GRAHOMICK,110.0,GRAHOMICK,1,55.4,55.4,False,possible candidate - manual review,Graiguenamanagh 38 kV Substation,-6.9679392,52.5392824,38000,distribution,ESB Networks,,way,463310387,https://www.openstreetmap.org/way/463310387,0.0,0.0,,"coordinates are (0, 0)",grahomick,
2641,GRAHOMICK,GRAHOMICK,110.0,GRAHOMICK,2,55.4,55.4,False,possible candidate - manual review,Graigue 38kV Substation,-6.9438472,52.8369564,38000;10000,distribution,ESB Networks,,way,744425059,https://www.openstreetmap.org/way/744425059,0.0,0.0,,"coordinates are (0, 0)",grahomick,
2641,GRAHOMICK,GRAHOMICK,110.0,GRAHOMICK,3,52.6,62.6,True,weak match,Tullabrack 110kV Substation,-9.4791123,52.6730693,110000;38000,transmission,EirGrid,,way,218901878,https://www.openstreetmap.org/way/218901878,0.0,0.0,,"coordinates are (0, 0)",grahomick,
2641,GRAHOMICK,GRAHOMICK,110.0,GRAHOMICK,4,52.6,62.6,True,weak match,Tievebrack 110kV Substation,-8.2356174,54.8102758,110000;38000,transmission,EirGrid,,way,705034071,https://www.openstreetmap.org/way/705034071,0.0,0.0,,"coordinates are (0, 0)",grahomick,
2641,GRAHOMICK,GRAHOMICK,110.0,GRAHOMICK,5,51.4,61.4,True,weak match,Rathkeale 110kV Substation,-8.9685536,52.5436993,110000;38000;20000,transmission,EirGrid,,way,211049457,https://www.openstreetmap.org/way/211049457,0.0,0.0,,"coordinates are (0, 0)",grahomick,
2651,GARRINTAGGAR,GARRINTAGGAR,110.0,GARRINTAGGAR,1,63.0,63.0,False,possible candidate - manual review,Carrigarierk 33 kV Substation,-9.1301368,51.8034512,33000,generation,Keel Energy Ltd. (Enerco Energy Ltd.),,way,1079167845,https://www.openstreetmap.org/way/1079167845,0.0,0.0,,"coordinates are (0, 0)",garrintaggar,
2651,GARRINTAGGAR,GARRINTAGGAR,110.0,GARRINTAGGAR,2,60.0,70.0,True,possible candidate - voltage agrees,Carrigadrohid 110kV Substation,-8.8633008,51.8978487,110000,generation,EirGrid,,way,179838650,https://www.openstreetmap.org/way/179838650,0.0,0.0,,"coordinates are (0, 0)",garrintaggar,
2651,GARRINTAGGAR,GARRINTAGGAR,110.0,GARRINTAGGAR,3,60.0,60.0,False,possible candidate - manual review,Garranacanty 38 kV Substation,-8.1459986,52.4827715,38000;20000,distribution,ESB Networks,,way,519825467,https://www.openstreetmap.org/way/519825467,0.0,0.0,,"coordinates are (0, 0)",garrintaggar,
2651,GARRINTAGGAR,GARRINTAGGAR,110.0,GARRINTAGGAR,4,57.0,57.0,False,possible candidate - manual review,Welsh Water Garage Portfield Gate Substation,-5.0166545,51.7987029,11000;400,minor_distribution,National Grid Electricity Distribution Plc,,node,12292560310,https://www.openstreetmap.org/node/12292560310,0.0,0.0,,"coordinates are (0, 0)",garrintaggar,
2651,GARRINTAGGAR,GARRINTAGGAR,110.0,GARRINTAGGAR,5,56.8,56.8,False,possible candidate - manual review,Carrigaline 38kV Substation,-8.3821205,51.8275848,38000;10000,distribution,ESB Networks,,way,339519136,https://www.openstreetmap.org/way/339519136,0.0,0.0,,"coordinates are (0, 0)",garrintaggar,
27219,GRFRAT T,GRFRAT,110.0,GRFRAT,1,65.5,65.5,False,possible candidate - manual review,Garranacanty 38 kV Substation,-8.1459986,52.4827715,38000;20000,distribution,ESB Networks,,way,519825467,https://www.openstreetmap.org/way/519825467,0.0,0.0,,"coordinates are (0, 0)",grfrat,
27219,GRFRAT T,GRFRAT,110.0,GRFRAT,2,65.5,65.5,False,possible candidate - manual review,Gurranebane 38kV Substation,-10.2317332,51.935333,38000,distribution,ESB Networks,,way,618010161,https://www.openstreetmap.org/way/618010161,0.0,0.0,,"coordinates are (0, 0)",grfrat,
27219,GRFRAT T,GRFRAT,110.0,GRFRAT,3,65.5,65.5,False,possible candidate - manual review,Garranereagh Substation,-8.9273238,51.8173355,20000,generation,ESB Networks,,way,696142826,https://www.openstreetmap.org/way/696142826,0.0,0.0,,"coordinates are (0, 0)",grfrat,
27219,GRFRAT T,GRFRAT,110.0,GRFRAT,4,65.5,75.5,True,possible candidate - voltage agrees,Great Island 220kV Substation,-6.99172,52.2815845,220000;110000;38000,generation,EirGrid,,way,96278380,https://www.openstreetmap.org/way/96278380,0.0,0.0,,"coordinates are (0, 0)",grfrat,
27219,GRFRAT T,GRFRAT,110.0,GRFRAT,5,65.5,75.5,True,possible candidate - voltage agrees,Great Island 110kV Substation,-6.9946064,52.2802358,110000,transmission,EirGrid,,way,243682402,https://www.openstreetmap.org/way/243682402,0.0,0.0,,"coordinates are (0, 0)",grfrat,
27460,GI_OFFSHORE,GI_OFFSHORE,220.0,GI_OFFSHORE,1,57.3,57.3,False,possible candidate - manual review,North Foreshore 33 kV Substation,-5.8968997,54.6257619,33000,distribution,NIE Networks,,way,223679287,https://www.openstreetmap.org/way/223679287,0.0,0.0,,"coordinates are (0, 0)",gi offshore,
27460,GI_OFFSHORE,GI_OFFSHORE,220.0,GI_OFFSHORE,2,51.4,51.4,False,weak match,Lisaghmore 110kV Substation,-7.3049906,54.9806374,110000,transmission,NIE Networks,,way,374873312,https://www.openstreetmap.org/way/374873312,0.0,0.0,,"coordinates are (0, 0)",gi offshore,
27460,GI_OFFSHORE,GI_OFFSHORE,220.0,GI_OFFSHORE,3,50.3,50.3,False,weak match,Tawnaghmore 110kV Substation,-9.2178772,54.1918026,110000;38000,transmission,EirGrid,,way,616335906,https://www.openstreetmap.org/way/616335906,0.0,0.0,,"coordinates are (0, 0)",gi offshore,
27460,GI_OFFSHORE,GI_OFFSHORE,220.0,GI_OFFSHORE,4,50.0,50.0,False,weak match,Moneypoint Wind Farm Switching House,-9.4240748,52.6105235,,generation,ESB Generation and Wholesale Markets,,way,705875732,https://www.openstreetmap.org/way/705875732,0.0,0.0,,"coordinates are (0, 0)",gi offshore,
27460,GI_OFFSHORE,GI_OFFSHORE,220.0,GI_OFFSHORE,5,50.0,50.0,False,weak match,Lismore 38 kV Substation,-7.9209338,52.1366141,38000;10000,distribution,ESB Networks,,way,616256059,https://www.openstreetmap.org/way/616256059,0.0,0.0,,"coordinates are (0, 0)",gi offshore,
3111,BALLYNABRANN,BALLYNABRANN,110.0,BALLYNABRANN,1,68.6,68.6,False,possible candidate - manual review,Ballyraine 38 kV Substation,-7.7143531,54.9566382,38000,distribution,ESB Networks,,way,519085250,https://www.openstreetmap.org/way/519085250,0.0,0.0,,"coordinates are (0, 0)",ballynabrann,
3111,BALLYNABRANN,BALLYNABRANN,110.0,BALLYNABRANN,2,66.3,66.3,False,possible candidate - manual review,Ballyard 38 kV Substation,-9.7037918,52.2565709,38000,distribution,ESB Networks,,way,209985873,https://www.openstreetmap.org/way/209985873,0.0,0.0,,"coordinates are (0, 0)",ballynabrann,
3111,BALLYNABRANN,BALLYNABRANN,110.0,BALLYNABRANN,3,66.3,76.3,True,possible candidate - voltage agrees,Ballynahulla 220kV Substation,-9.2611456,52.1738656,220000;110000,transmission,EirGrid,,way,819997192,https://www.openstreetmap.org/way/819997192,0.0,0.0,,"coordinates are (0, 0)",ballynabrann,
3111,BALLYNABRANN,BALLYNABRANN,110.0,BALLYNABRANN,4,66.3,66.3,False,possible candidate - manual review,Ballybailie 38 kV Substation,-6.5339575,53.8717195,38000;10000,distribution,ESB Networks,,way,511529889,https://www.openstreetmap.org/way/511529889,0.0,0.0,,"coordinates are (0, 0)",ballynabrann,
3111,BALLYNABRANN,BALLYNABRANN,110.0,BALLYNABRANN,5,66.3,76.3,True,possible candidate - voltage agrees,Ballyragget 110 kV Substation,-7.342814,52.7988347,110000;38000;20000,transmission,EirGrid,,way,1009395517,https://www.openstreetmap.org/way/1009395517,0.0,0.0,,"coordinates are (0, 0)",ballynabrann,
3181,KILLINSKYDUF,KILLINSKYDUF,110.0,KILLINSKYDUF,1,60.9,60.9,False,possible candidate - manual review,Killinchy A,-5.6750854,54.4725621,11000,minor_distribution,,,way,1478644351,https://www.openstreetmap.org/way/1478644351,0.0,0.0,,"coordinates are (0, 0)",killinskyduf,
3181,KILLINSKYDUF,KILLINSKYDUF,110.0,KILLINSKYDUF,2,60.0,60.0,False,possible candidate - manual review,Killinick 38kV Substation,-6.4316379,52.2578647,38000,distribution,ESB Networks,,way,307484253,https://www.openstreetmap.org/way/307484253,0.0,0.0,,"coordinates are (0, 0)",killinskyduf,
3181,KILLINSKYDUF,KILLINSKYDUF,110.0,KILLINSKYDUF,3,60.0,60.0,False,possible candidate - manual review,Killin Hill 38 kV Substation,-8.2903738,54.7046085,38000,generation,ESB Networks,,way,698799022,https://www.openstreetmap.org/way/698799022,0.0,0.0,,"coordinates are (0, 0)",killinskyduf,
3181,KILLINSKYDUF,KILLINSKYDUF,110.0,KILLINSKYDUF,4,60.0,60.0,False,possible candidate - manual review,Killinchy 33kV Substation,-5.687421,54.4728226,33000,distribution,NIE Networks,,way,561324340,https://www.openstreetmap.org/way/561324340,0.0,0.0,,"coordinates are (0, 0)",killinskyduf,
3181,KILLINSKYDUF,KILLINSKYDUF,110.0,KILLINSKYDUF,5,57.0,57.0,False,possible candidate - manual review,Stickillin 38kV Substation,-6.5212694,53.854141,38000,distribution,ESB Networks,,way,505410032,https://www.openstreetmap.org/way/505410032,0.0,0.0,,"coordinates are (0, 0)",killinskyduf,
3481,COOLNANOONAG,COOLNANOONAG,110.0,COOLNANOONAG,1,90.0,90.0,False,good name match - check voltage,Coolnanoonagh Substation,-9.3951009,52.5814565,33000,generation,Statkraft,,way,744115145,https://www.openstreetmap.org/way/744115145,0.0,0.0,,"coordinates are (0, 0)",coolnanoonag,
3481,COOLNANOONAG,COOLNANOONAG,110.0,COOLNANOONAG,2,60.0,60.0,False,possible candidate - manual review,Cloonbannin 38 kV Substation,-9.040773,52.1291111,38000,distribution,ESB Networks,,way,1191936743,https://www.openstreetmap.org/way/1191936743,0.0,0.0,,"coordinates are (0, 0)",coolnanoonag,
3481,COOLNANOONAG,COOLNANOONAG,110.0,COOLNANOONAG,3,60.0,60.0,False,possible candidate - manual review,Carndonagh 38 kV Substation,-7.2762826,55.2434889,38000,distribution,ESB Networks,,way,352796957,https://www.openstreetmap.org/way/352796957,0.0,0.0,,"coordinates are (0, 0)",coolnanoonag,
3481,COOLNANOONAG,COOLNANOONAG,110.0,COOLNANOONAG,4,57.3,57.3,False,possible candidate - manual review,Coolcarron 38 kV Substation,-8.2775402,52.1289855,38000,distribution,ESB Networks,,way,519323114,https://www.openstreetmap.org/way/519323114,0.0,0.0,,"coordinates are (0, 0)",coolnanoonag,
3481,COOLNANOONAG,COOLNANOONAG,110.0,COOLNANOONAG,5,56.8,56.8,False,possible candidate - manual review,Cloondara 38 kV Substation,-7.9062034,53.7493411,38000,industrial,ESB Networks,,way,449822495,https://www.openstreetmap.org/way/449822495,0.0,0.0,,"coordinates are (0, 0)",coolnanoonag,
3501,LANESBORO_A1,LANESBORO_A1,110.0,LANESBORO_A1,1,77.1,87.1,True,possible candidate - voltage agrees,Lanesborough 110kV Substation,-7.9878234,53.6750357,110000,transmission,EirGrid,,way,342820729,https://www.openstreetmap.org/way/342820729,0.0,0.0,,"coordinates are (0, 0)",lanesboro a1,
3501,LANESBORO_A1,LANESBORO_A1,110.0,LANESBORO_A1,2,63.0,63.0,False,possible candidate - manual review,Annsborough Central 33kV Substation,-5.9262744,54.2669972,33000,distribution,NIE Networks,10000605,way,807628908,https://www.openstreetmap.org/way/807628908,0.0,0.0,,"coordinates are (0, 0)",lanesboro a1,
3501,LANESBORO_A1,LANESBORO_A1,110.0,LANESBORO_A1,3,57.3,67.3,True,possible candidate - voltage agrees,Glasmore 110kV Substation,-6.2384064,53.4677716,110000;38000;400,transmission,EirGrid,,way,27045289,https://www.openstreetmap.org/way/27045289,0.0,0.0,,"coordinates are (0, 0)",lanesboro a1,
3501,LANESBORO_A1,LANESBORO_A1,110.0,LANESBORO_A1,4,56.8,66.8,True,possible candidate - voltage agrees,Anner 110kV Substation,-7.6492028,52.3719788,110000,industrial,EirGrid,,way,235794888,https://www.openstreetmap.org/way/235794888,0.0,0.0,,"coordinates are (0, 0)",lanesboro a1,
3501,LANESBORO_A1,LANESBORO_A1,110.0,LANESBORO_A1,5,56.8,66.8,True,possible candidate - voltage agrees,Larne 110kV Substation,-5.8553653,54.847707,110000,transmission,NIE Networks,,way,166764804,https://www.openstreetmap.org/way/166764804,0.0,0.0,,"coordinates are (0, 0)",lanesboro a1,
35011,LANESBORO_A2,LANESBORO_A2,110.0,LANESBORO_A2,1,77.1,87.1,True,possible candidate - voltage agrees,Lanesborough 110kV Substation,-7.9878234,53.6750357,110000,transmission,EirGrid,,way,342820729,https://www.openstreetmap.org/way/342820729,0.0,0.0,,"coordinates are (0, 0)",lanesboro a2,
35011,LANESBORO_A2,LANESBORO_A2,110.0,LANESBORO_A2,2,63.0,63.0,False,possible candidate - manual review,Annsborough Central 33kV Substation,-5.9262744,54.2669972,33000,distribution,NIE Networks,10000605,way,807628908,https://www.openstreetmap.org/way/807628908,0.0,0.0,,"coordinates are (0, 0)",lanesboro a2,
35011,LANESBORO_A2,LANESBORO_A2,110.0,LANESBORO_A2,3,52.5,62.5,True,weak match,Clashavoon 220 kV Substation,-8.9141082,51.938191,220000;110000,transmission,EirGrid,,way,186889669,https://www.openstreetmap.org/way/186889669,0.0,0.0,,"coordinates are (0, 0)",lanesboro a2,
35011,LANESBORO_A2,LANESBORO_A2,110.0,LANESBORO_A2,4,52.5,52.5,False,weak match,Cloghaneleskirt 20 KV Substation,-9.5332645,52.3432121,20000,generation,ESB Networks,,way,927180472,https://www.openstreetmap.org/way/927180472,0.0,0.0,,"coordinates are (0, 0)",lanesboro a2,
35011,LANESBORO_A2,LANESBORO_A2,110.0,LANESBORO_A2,5,52.5,52.5,False,weak match,St Annes Road Substation,-5.0460113,51.7115291,11000;400,minor_distribution,National Grid Electricity Distribution Plc,,node,12292562004,https://www.openstreetmap.org/node/12292562004,0.0,0.0,,"coordinates are (0, 0)",lanesboro a2,
3911,METRO AIRPOR,METRO AIRPOR,110.0,METRO AIRPOR,1,60.0,60.0,False,possible candidate - manual review,Airport Road 33 kV Substation,-5.8984552,54.6038767,33000,distribution,NIE Networks,,way,477221983,https://www.openstreetmap.org/way/477221983,0.0,0.0,,"coordinates are (0, 0)",metro airpor,
3911,METRO AIRPOR,METRO AIRPOR,110.0,METRO AIRPOR,2,57.0,57.0,False,possible candidate - manual review,MAIN SUB,-8.5767368,52.6803697,10000,minor_distribution,,MVN-1,way,1423994120,https://www.openstreetmap.org/way/1423994120,0.0,0.0,,"coordinates are (0, 0)",metro airpor,
3911,METRO AIRPOR,METRO AIRPOR,110.0,METRO AIRPOR,3,54.0,64.0,True,weak match,Mungret,-8.6914888,52.6411396,110000,industrial,EirGrid,,way,373218637,https://www.openstreetmap.org/way/373218637,0.0,0.0,,"coordinates are (0, 0)",metro airpor,
3911,METRO AIRPOR,METRO AIRPOR,110.0,METRO AIRPOR,4,52.5,52.5,False,weak match,WESTERN CAR PK KIOSK,-8.5785713,52.6743876,10000,,ESB Networks,067290 Z,node,13082650790,https://www.openstreetmap.org/node/13082650790,0.0,0.0,,"coordinates are (0, 0)",metro airpor,
3911,METRO AIRPOR,METRO AIRPOR,110.0,METRO AIRPOR,5,52.5,52.5,False,weak match,Harmeston Farmturbine Substation,-5.0122083,51.7442851,11000;400,minor_distribution,National Grid Electricity Distribution Plc,,node,12292559565,https://www.openstreetmap.org/node/12292559565,0.0,0.0,,"coordinates are (0, 0)",metro airpor,
39420,W_SKERD ROCK,SKERD ROCK,220.0,SKERD ROCK,1,60.0,60.0,False,possible candidate - manual review,Sealrock 110 kV Substation,-9.0577245,52.6328727,110000,generation,RUSAL,,way,374415638,https://www.openstreetmap.org/way/374415638,0.0,0.0,,"coordinates are (0, 0)",skerd rock,
39420,W_SKERD ROCK,SKERD ROCK,220.0,SKERD ROCK,2,60.0,60.0,False,possible candidate - manual review,Shercock 38kV Substation,-6.9120649,53.9866923,38000,distribution,ESB Networks,,way,520429237,https://www.openstreetmap.org/way/520429237,0.0,0.0,,"coordinates are (0, 0)",skerd rock,
39420,W_SKERD ROCK,SKERD ROCK,220.0,SKERD ROCK,3,56.8,56.8,False,possible candidate - manual review,Skomer Drive Substation,-5.0283827,51.7253484,11000;400,minor_distribution,National Grid Electricity Distribution Plc,,node,12292562812,https://www.openstreetmap.org/node/12292562812,0.0,0.0,,"coordinates are (0, 0)",skerd rock,
39420,W_SKERD ROCK,SKERD ROCK,220.0,SKERD ROCK,4,56.8,56.8,False,possible candidate - manual review,Strand Road 33 kV Substation,-7.32153,55.0013442,33000,distribution,NIE Networks,,way,1051116347,https://www.openstreetmap.org/way/1051116347,0.0,0.0,,"coordinates are (0, 0)",skerd rock,
39420,W_SKERD ROCK,SKERD ROCK,220.0,SKERD ROCK,5,54.0,54.0,False,weak match,St Brides View Roch Substation,-5.08739,51.8470877,11000;400,minor_distribution,National Grid Electricity Distribution Plc,,node,12244409195,https://www.openstreetmap.org/node/12244409195,0.0,0.0,,"coordinates are (0, 0)",skerd rock,
39444,MPTSERIESCAP,MPTSERIESCAP,380.0,MPTSERIESCAP,1,56.8,56.8,False,possible candidate - manual review,Imperial Corner Milford Haven Substation,-5.0270234,51.7164756,11000;400,minor_distribution,National Grid Electricity Distribution Plc,,node,12292562659,https://www.openstreetmap.org/node/12292562659,0.0,0.0,,"coordinates are (0, 0)",mptseriescap,
39444,MPTSERIESCAP,MPTSERIESCAP,380.0,MPTSERIESCAP,2,52.5,52.5,False,weak match,St Brides Castle Substation,-5.1950461,51.7511128,11000;400,minor_distribution,National Grid Electricity Distribution Plc,,node,12292563091,https://www.openstreetmap.org/node/12292563091,0.0,0.0,,"coordinates are (0, 0)",mptseriescap,
39444,MPTSERIESCAP,MPTSERIESCAP,380.0,MPTSERIESCAP,3,52.5,52.5,False,weak match,Campsie Central 33kV Substation,-7.2084817,55.0369154,33000,distribution,NIE Networks,,way,437302838,https://www.openstreetmap.org/way/437302838,0.0,0.0,,"coordinates are (0, 0)",mptseriescap,
39444,MPTSERIESCAP,MPTSERIESCAP,380.0,MPTSERIESCAP,4,52.2,52.2,False,weak match,Merrion S C,-6.2142288,53.3185502,10000,minor_distribution,ESB Networks,001768,way,929003194,https://www.openstreetmap.org/way/929003194,0.0,0.0,,"coordinates are (0, 0)",mptseriescap,
39444,MPTSERIESCAP,MPTSERIESCAP,380.0,MPTSERIESCAP,5,51.4,51.4,False,weak match,MVP-1,-8.5700637,52.6735236,10000,industrial,ESB Networks,MVP-1,way,1436546067,https://www.openstreetmap.org/way/1436546067,0.0,0.0,,"coordinates are (0, 0)",mptseriescap,indoor
43619,OUTAGH T,OUTAGH,110.0,OUTAGH,1,72.0,82.0,True,possible candidate - voltage agrees,Oughtragh 110kV Substation,-9.6927788,52.136625,110000;38000,transmission,EirGrid,,way,213508375,https://www.openstreetmap.org/way/213508375,0.0,0.0,,"coordinates are (0, 0)",outagh,
43619,OUTAGH T,OUTAGH,110.0,OUTAGH,2,72.0,72.0,False,possible candidate - manual review,Oughterard 38 kV Substation,-9.301181,53.4159243,38000;10000,distribution,ESB Networks,,way,621831058,https://www.openstreetmap.org/way/621831058,0.0,0.0,,"coordinates are (0, 0)",outagh,
43619,OUTAGH T,OUTAGH,110.0,OUTAGH,3,68.4,68.4,False,possible candidate - manual review,Turlough Road 38 kV Substation,-9.2835142,53.8690938,38000;10000,distribution,ESB Networks,,way,445519148,https://www.openstreetmap.org/way/445519148,0.0,0.0,,"coordinates are (0, 0)",outagh,
43619,OUTAGH T,OUTAGH,110.0,OUTAGH,4,68.4,68.4,False,possible candidate - manual review,Turlough Hill,-6.4061441,53.0439505,220000,transition,EirGrid,,way,266025855,https://www.openstreetmap.org/way/266025855,0.0,0.0,,"coordinates are (0, 0)",outagh,
43619,OUTAGH T,OUTAGH,110.0,OUTAGH,5,68.4,68.4,False,possible candidate - manual review,Turlough Hill Substation,-6.3965026,53.0329918,220000,generation,EirGrid,,way,288283900,https://www.openstreetmap.org/way/288283900,0.0,0.0,,"coordinates are (0, 0)",outagh,
43844,OLDSERIESCAP,OLDSERIESCAP,380.0,OLDSERIESCAP,1,56.8,56.8,False,possible candidate - manual review,Old Rectory Housing Site Substation,-5.0018499,51.9271174,11000;400,minor_distribution,National Grid Electricity Distribution Plc,,node,12244407086,https://www.openstreetmap.org/node/12244407086,0.0,0.0,,"coordinates are (0, 0)",oldseriescap,
43844,OLDSERIESCAP,OLDSERIESCAP,380.0,OLDSERIESCAP,2,56.8,56.8,False,possible candidate - manual review,Oldstreet Substation,-8.2688847,53.134326,400000;220000,transmission,EirGrid,,way,179121616,https://www.openstreetmap.org/way/179121616,0.0,0.0,,"coordinates are (0, 0)",oldseriescap,
43844,OLDSERIESCAP,OLDSERIESCAP,380.0,OLDSERIESCAP,3,52.9,52.9,False,weak match,Oldcastle 38kV Substation,-7.1521671,53.7723687,38000,distribution,ESB Networks,,way,442043146,https://www.openstreetmap.org/way/442043146,0.0,0.0,,"coordinates are (0, 0)",oldseriescap,
43844,OLDSERIESCAP,OLDSERIESCAP,380.0,OLDSERIESCAP,4,52.5,52.5,False,weak match,St Brides Castle Substation,-5.1950461,51.7511128,11000;400,minor_distribution,National Grid Electricity Distribution Plc,,node,12292563091,https://www.openstreetmap.org/node/12292563091,0.0,0.0,,"coordinates are (0, 0)",oldseriescap,
43844,OLDSERIESCAP,OLDSERIESCAP,380.0,OLDSERIESCAP,5,51.4,51.4,False,weak match,Oldbridge 110 kV Substation,-6.3878298,53.7067579,110000,transmission,EirGrid,,way,1123268881,https://www.openstreetmap.org/way/1123268881,0.0,0.0,,"coordinates are (0, 0)",oldseriescap,
4462,POOLBEG NORT,POOLBEG NORT,220.0,POOLBEG NORT,1,85.5,95.5,True,strong candidate,Poolbeg 220kV Substation,-6.1899101,53.3382373,220000,generation,EirGrid,,way,443094721,https://www.openstreetmap.org/way/443094721,0.0,0.0,,"coordinates are (0, 0)",poolbeg nort,
4462,POOLBEG NORT,POOLBEG NORT,220.0,POOLBEG NORT,2,60.0,60.0,False,possible candidate - manual review,Novartis,-8.3436362,51.8270663,38000,industrial,ESB Networks,,way,339515165,https://www.openstreetmap.org/way/339515165,0.0,0.0,,"coordinates are (0, 0)",poolbeg nort,
4462,POOLBEG NORT,POOLBEG NORT,220.0,POOLBEG NORT,3,60.0,60.0,False,possible candidate - manual review,NORTHERN SUB,-8.4906026,51.8528176,10000;400;230,minor_distribution,ESB Networks,281658X,way,1375838643,https://www.openstreetmap.org/way/1375838643,0.0,0.0,,"coordinates are (0, 0)",poolbeg nort,
4462,POOLBEG NORT,POOLBEG NORT,220.0,POOLBEG NORT,4,58.3,68.3,True,possible candidate - voltage agrees,Lakyle North,-9.3336443,52.5984217,220000,transition,EirGrid,,way,207728854,https://www.openstreetmap.org/way/207728854,0.0,0.0,,"coordinates are (0, 0)",poolbeg nort,
4462,POOLBEG NORT,POOLBEG NORT,220.0,POOLBEG NORT,5,57.3,57.3,False,possible candidate - manual review,Larne North 33kV Substation,-5.8190353,54.8640253,33000,distribution,NIE Networks,,way,864015879,https://www.openstreetmap.org/way/864015879,0.0,0.0,,"coordinates are (0, 0)",poolbeg nort,
44661,PBEG REACTOR,PBEG REACTOR,220.0,PBEG REACTOR,1,57.3,57.3,False,possible candidate - manual review,Old Rectory Housing Site Substation,-5.0018499,51.9271174,11000;400,minor_distribution,National Grid Electricity Distribution Plc,,node,12244407086,https://www.openstreetmap.org/node/12244407086,0.0,0.0,,"coordinates are (0, 0)",pbeg reactor,
44661,PBEG REACTOR,PBEG REACTOR,220.0,PBEG REACTOR,2,57.3,57.3,False,possible candidate - manual review,Observatory Hall Housing Hakin Substation,-5.0521513,51.7135891,11000;400,minor_distribution,National Grid Electricity Distribution Plc,,node,12292561990,https://www.openstreetmap.org/node/12292561990,0.0,0.0,,"coordinates are (0, 0)",pbeg reactor,
44661,PBEG REACTOR,PBEG REACTOR,220.0,PBEG REACTOR,3,56.8,66.8,True,possible candidate - voltage agrees,Bracetown 220kV Substation,-6.4457133,53.4222695,220000;20000,industrial,EirGrid,,way,819286958,https://www.openstreetmap.org/way/819286958,0.0,0.0,,"coordinates are (0, 0)",pbeg reactor,
44661,PBEG REACTOR,PBEG REACTOR,220.0,PBEG REACTOR,4,54.0,54.0,False,weak match,Bellacorick 110 kV Substation,-9.5787377,54.1205007,110000;38000;20000,transmission,EirGrid,,way,205659794,https://www.openstreetmap.org/way/205659794,0.0,0.0,,"coordinates are (0, 0)",pbeg reactor,
44661,PBEG REACTOR,PBEG REACTOR,220.0,PBEG REACTOR,5,52.9,52.9,False,weak match,Beaconing Fields Housing Substation,-5.0114993,51.7280419,11000;400,minor_distribution,National Grid Electricity Distribution Plc,,node,12292562242,https://www.openstreetmap.org/node/12292562242,0.0,0.0,,"coordinates are (0, 0)",pbeg reactor,
44662,PBEG REACTOR,PBEG REACTOR,220.0,PBEG REACTOR,1,57.3,57.3,False,possible candidate - manual review,Old Rectory Housing Site Substation,-5.0018499,51.9271174,11000;400,minor_distribution,National Grid Electricity Distribution Plc,,node,12244407086,https://www.openstreetmap.org/node/12244407086,0.0,0.0,,"coordinates are (0, 0)",pbeg reactor,
44662,PBEG REACTOR,PBEG REACTOR,220.0,PBEG REACTOR,2,57.3,57.3,False,possible candidate - manual review,Observatory Hall Housing Hakin Substation,-5.0521513,51.7135891,11000;400,minor_distribution,National Grid Electricity Distribution Plc,,node,12292561990,https://www.openstreetmap.org/node/12292561990,0.0,0.0,,"coordinates are (0, 0)",pbeg reactor,
44662,PBEG REACTOR,PBEG REACTOR,220.0,PBEG REACTOR,3,56.8,66.8,True,possible candidate - voltage agrees,Bracetown 220kV Substation,-6.4457133,53.4222695,220000;20000,industrial,EirGrid,,way,819286958,https://www.openstreetmap.org/way/819286958,0.0,0.0,,"coordinates are (0, 0)",pbeg reactor,
44662,PBEG REACTOR,PBEG REACTOR,220.0,PBEG REACTOR,4,54.0,54.0,False,weak match,Bellacorick 110 kV Substation,-9.5787377,54.1205007,110000;38000;20000,transmission,EirGrid,,way,205659794,https://www.openstreetmap.org/way/205659794,0.0,0.0,,"coordinates are (0, 0)",pbeg reactor,
44662,PBEG REACTOR,PBEG REACTOR,220.0,PBEG REACTOR,5,52.9,52.9,False,weak match,Beaconing Fields Housing Substation,-5.0114993,51.7280419,11000;400,minor_distribution,National Grid Electricity Distribution Plc,,node,12292562242,https://www.openstreetmap.org/node/12292562242,0.0,0.0,,"coordinates are (0, 0)",pbeg reactor,
4472,POOLBEG SOUT,POOLBEG SOUT,220.0,POOLBEG SOUT,1,85.5,95.5,True,strong candidate,Poolbeg 220kV Substation,-6.1899101,53.3382373,220000,generation,EirGrid,,way,443094721,https://www.openstreetmap.org/way/443094721,0.0,0.0,,"coordinates are (0, 0)",poolbeg sout,
4472,POOLBEG SOUT,POOLBEG SOUT,220.0,POOLBEG SOUT,2,60.0,60.0,False,possible candidate - manual review,Castlederg South 33 kV Substation,-7.5913107,54.7050966,33000,distribution,NIE Networks,,way,1041812008,https://www.openstreetmap.org/way/1041812008,0.0,0.0,,"coordinates are (0, 0)",poolbeg sout,
4472,POOLBEG SOUT,POOLBEG SOUT,220.0,POOLBEG SOUT,3,60.0,60.0,False,possible candidate - manual review,Dromore South 33kV Substation,-6.1482623,54.4018854,33000,transmission,NIE Networks,,way,1168983954,https://www.openstreetmap.org/way/1168983954,0.0,0.0,,"coordinates are (0, 0)",poolbeg sout,
4472,POOLBEG SOUT,POOLBEG SOUT,220.0,POOLBEG SOUT,4,57.3,57.3,False,possible candidate - manual review,Omagh South 33 kV Substation,-7.2816183,54.5822758,33000,distribution,NIE Networks,,way,1057505192,https://www.openstreetmap.org/way/1057505192,0.0,0.0,,"coordinates are (0, 0)",poolbeg sout,
4472,POOLBEG SOUT,POOLBEG SOUT,220.0,POOLBEG SOUT,5,57.0,57.0,False,possible candidate - manual review,Coolroe 110kV Substation,-8.6360252,51.8859966,110000;20000,transmission,EirGrid,,way,373209904,https://www.openstreetmap.org/way/373209904,0.0,0.0,,"coordinates are (0, 0)",poolbeg sout,
44731,CODLING 1,CODLING 1,220.0,CODLING 1,1,85.5,85.5,False,good name match - check voltage,MVP-1,-8.5700637,52.6735236,10000,industrial,ESB Networks,MVP-1,way,1436546067,https://www.openstreetmap.org/way/1436546067,0.0,0.0,,"coordinates are (0, 0)",codling 1,indoor
44731,CODLING 1,CODLING 1,220.0,CODLING 1,2,85.5,85.5,False,good name match - check voltage,Knockumber (1) 110kV Substation,-6.7147404,53.6555904,110000,industrial,EirGrid,,way,361725341,https://www.openstreetmap.org/way/361725341,0.0,0.0,,"coordinates are (0, 0)",codling 1,
44731,CODLING 1,CODLING 1,220.0,CODLING 1,3,85.5,85.5,False,good name match - check voltage,Drumlough Hill (1) 38 kV Substation,-7.4436583,55.1991362,38000,generation,ESB Networks,,way,201188312,https://www.openstreetmap.org/way/201188312,0.0,0.0,,"coordinates are (0, 0)",codling 1,
44731,CODLING 1,CODLING 1,220.0,CODLING 1,4,64.3,64.3,False,possible candidate - manual review,Cong 38 kV Substation,-9.2671575,53.5545007,38000,distribution,ESB Networks,,way,278018421,https://www.openstreetmap.org/way/278018421,0.0,0.0,,"coordinates are (0, 0)",codling 1,
44731,CODLING 1,CODLING 1,220.0,CODLING 1,5,63.5,63.5,False,possible candidate - manual review,Cordal 110kV Substation,-9.2855811,52.2145657,110000;33000,generation,EirGrid,,way,819550308,https://www.openstreetmap.org/way/819550308,0.0,0.0,,"coordinates are (0, 0)",codling 1,
44732,CODLING 2,CODLING 2,220.0,CODLING 2,1,85.5,85.5,False,good name match - check voltage,SCIENCE BUILDING-2,-8.5774877,52.671155,10000;400,minor_distribution,ESB Networks,067344Y,way,1436768134,https://www.openstreetmap.org/way/1436768134,0.0,0.0,,"coordinates are (0, 0)",codling 2,
44732,CODLING 2,CODLING 2,220.0,CODLING 2,2,85.5,85.5,False,good name match - check voltage,Windturbine 2 Lodge Farm Substation,-5.0580069,51.7251627,11000;400,minor_distribution,National Grid Electricity Distribution Plc,,node,12292561800,https://www.openstreetmap.org/node/12292561800,0.0,0.0,,"coordinates are (0, 0)",codling 2,
44732,CODLING 2,CODLING 2,220.0,CODLING 2,3,85.5,85.5,False,good name match - check voltage,Spencer Pl. Sth No. 2,-6.2354382,53.3484887,10000,distribution,ESB Networks,,node,10120768237,https://www.openstreetmap.org/node/10120768237,0.0,0.0,,"coordinates are (0, 0)",codling 2,
44732,CODLING 2,CODLING 2,220.0,CODLING 2,4,85.5,85.5,False,good name match - check voltage,Drumlough Hill (2) 38 kV Substation,-7.4406621,55.198278,38000,generation,ESB Networks,,way,202169641,https://www.openstreetmap.org/way/202169641,0.0,0.0,,"coordinates are (0, 0)",codling 2,
44732,CODLING 2,CODLING 2,220.0,CODLING 2,5,64.3,64.3,False,possible candidate - manual review,Cong 38 kV Substation,-9.2671575,53.5545007,38000,distribution,ESB Networks,,way,278018421,https://www.openstreetmap.org/way/278018421,0.0,0.0,,"coordinates are (0, 0)",codling 2,
44733,CODLING 3,CODLING 3,220.0,CODLING 3,1,85.5,85.5,False,good name match - check voltage,Dublin Landings BL 3,-6.233624,53.3484911,10000,distribution,ESB Networks,0684271,node,10120757415,https://www.openstreetmap.org/node/10120757415,0.0,0.0,,"coordinates are (0, 0)",codling 3,
44733,CODLING 3,CODLING 3,220.0,CODLING 3,2,85.5,85.5,False,good name match - check voltage,Drumlough Hill (3) 38 kV Substation,-7.4414732,55.1986047,38000,generation,ESB Networks,,way,706299522,https://www.openstreetmap.org/way/706299522,0.0,0.0,,"coordinates are (0, 0)",codling 3,
44733,CODLING 3,CODLING 3,220.0,CODLING 3,3,72.0,72.0,False,possible candidate - manual review,Cong 38 kV Substation,-9.2671575,53.5545007,38000,distribution,ESB Networks,,way,278018421,https://www.openstreetmap.org/way/278018421,0.0,0.0,,"coordinates are (0, 0)",codling 3,
44733,CODLING 3,CODLING 3,220.0,CODLING 3,4,70.0,70.0,False,possible candidate - manual review,Ballincollig 38 kV Substation,-8.6175382,51.8768324,38000;20000;10000,distribution,ESB Networks,,way,517518812,https://www.openstreetmap.org/way/517518812,0.0,0.0,,"coordinates are (0, 0)",codling 3,
44733,CODLING 3,CODLING 3,220.0,CODLING 3,5,63.5,63.5,False,possible candidate - manual review,Dingle 38kV Substation,-10.2578131,52.1480042,38000,distribution,ESB Networks,,way,617703758,https://www.openstreetmap.org/way/617703758,0.0,0.0,,"coordinates are (0, 0)",codling 3,
50019,SOMRST T,SOMRST,110.0,SOMRST,1,75.0,85.0,True,possible candidate - voltage agrees,Somerset 110kV Substation,-8.2305405,53.2666198,110000;38000,transmission,EirGrid,,way,183080497,https://www.openstreetmap.org/way/183080497,0.0,0.0,,"coordinates are (0, 0)",somrst,
50019,SOMRST T,SOMRST,110.0,SOMRST,2,60.0,60.0,False,possible candidate - manual review,Bishopstown 38 kV Substation,-8.543967,51.8870709,38000;10000,distribution,ESB Networks,,way,518586455,https://www.openstreetmap.org/way/518586455,0.0,0.0,,"coordinates are (0, 0)",somrst,
50019,SOMRST T,SOMRST,110.0,SOMRST,3,60.0,60.0,False,possible candidate - manual review,OMNISTONE,-8.485701,51.8492082,10000;400;230,industrial,ESB Networks,281152Z,way,1402611892,https://www.openstreetmap.org/way/1402611892,0.0,0.0,,"coordinates are (0, 0)",somrst,indoor
50019,SOMRST T,SOMRST,110.0,SOMRST,4,60.0,60.0,False,possible candidate - manual review,Lower Scoverston Wind Turbine Substation,-5.0035026,51.7193305,11000;400,minor_distribution,National Grid Electricity Distribution Plc,,node,12292559482,https://www.openstreetmap.org/node/12292559482,0.0,0.0,,"coordinates are (0, 0)",somrst,
50019,SOMRST T,SOMRST,110.0,SOMRST,5,60.0,60.0,False,possible candidate - manual review,Skomer Drive Substation,-5.0283827,51.7253484,11000;400,minor_distribution,National Grid Electricity Distribution Plc,,node,12292562812,https://www.openstreetmap.org/node/12292562812,0.0,0.0,,"coordinates are (0, 0)",somrst,
50619,STRATF T,STRATF,110.0,STRATF,1,90.0,100.0,True,strong candidate,Stratford 110kV Substation,-6.6498218,52.9940643,110000;38000,transmission,EirGrid,,way,170760036,https://www.openstreetmap.org/way/170760036,0.0,0.0,,"coordinates are (0, 0)",stratf,
50619,STRATF T,STRATF,110.0,STRATF,2,75.0,75.0,False,possible candidate - manual review,Magistrates Court Milford Substation,-5.0377503,51.7151812,11000;400,minor_distribution,National Grid Electricity Distribution Plc,,node,12292562464,https://www.openstreetmap.org/node/12292562464,0.0,0.0,,"coordinates are (0, 0)",stratf,
50619,STRATF T,STRATF,110.0,STRATF,3,72.0,82.0,True,possible candidate - voltage agrees,Strabane 110kV Substation,-7.4307015,54.8524826,110000,transmission,NIE Networks,,way,374848631,https://www.openstreetmap.org/way/374848631,0.0,0.0,,"coordinates are (0, 0)",stratf,
50619,STRATF T,STRATF,110.0,STRATF,4,72.0,72.0,False,possible candidate - manual review,Stranrolar 38 kV Substation,-7.7552649,54.8046977,38000,distribution,ESB Networks,,way,706118824,https://www.openstreetmap.org/way/706118824,0.0,0.0,,"coordinates are (0, 0)",stratf,
50619,STRATF T,STRATF,110.0,STRATF,5,72.0,72.0,False,possible candidate - manual review,Strand Road 33 kV Substation,-7.32153,55.0013442,33000,distribution,NIE Networks,,way,1051116347,https://www.openstreetmap.org/way/1051116347,0.0,0.0,,"coordinates are (0, 0)",stratf,
52219,TULBRK T,TULBRK,110.0,TULBRK,1,60.0,60.0,False,possible candidate - manual review,Tursilagh 38 kV Substation,-9.6029683,52.3147503,38000,generation,ESB Networks,,way,210253713,https://www.openstreetmap.org/way/210253713,0.0,0.0,,"coordinates are (0, 0)",tulbrk,
52219,TULBRK T,TULBRK,110.0,TULBRK,2,60.0,70.0,True,possible candidate - voltage agrees,Tullabrack 110kV Substation,-9.4791123,52.6730693,110000;38000,transmission,EirGrid,,way,218901878,https://www.openstreetmap.org/way/218901878,0.0,0.0,,"coordinates are (0, 0)",tulbrk,
52219,TULBRK T,TULBRK,110.0,TULBRK,3,60.0,60.0,False,possible candidate - manual review,Kanturk 38 kV Substation,-8.9045629,52.1545206,38000;10000;20000,distribution,ESB Networks,,way,444546767,https://www.openstreetmap.org/way/444546767,0.0,0.0,,"coordinates are (0, 0)",tulbrk,
52219,TULBRK T,TULBRK,110.0,TULBRK,4,60.0,60.0,False,possible candidate - manual review,Tullylease 38 kV Substation,-9.0313648,52.3262495,38000,generation,ESB Networks,,way,1204709141,https://www.openstreetmap.org/way/1204709141,0.0,0.0,,"coordinates are (0, 0)",tulbrk,
52219,TULBRK T,TULBRK,110.0,TULBRK,5,60.0,70.0,True,possible candidate - voltage agrees,Tullamore 110 kV Substation,-9.4350729,52.5247236,110000,transmission,EirGrid,,way,1460630355,https://www.openstreetmap.org/way/1460630355,0.0,0.0,,"coordinates are (0, 0)",tulbrk,
5251,TAWN_B,TAWN_B,110.0,TAWN_B,1,85.5,85.5,False,good name match - check voltage,Monaghan Street B Newry Substation,-6.3416138,54.1762213,11000,minor_distribution,NIE Networks,,way,1179822633,https://www.openstreetmap.org/way/1179822633,0.0,0.0,,"coordinates are (0, 0)",tawn b,
5251,TAWN_B,TAWN_B,110.0,TAWN_B,2,72.0,82.0,True,possible candidate - voltage agrees,Tawnaghmore 110kV Substation,-9.2178772,54.1918026,110000;38000,transmission,EirGrid,,way,616335906,https://www.openstreetmap.org/way/616335906,0.0,0.0,,"coordinates are (0, 0)",tawn b,
5251,TAWN_B,TAWN_B,110.0,TAWN_B,3,65.5,65.5,False,possible candidate - manual review,Town Hall Milford Haven Substation,-5.0301274,51.7110421,11000;400,minor_distribution,National Grid Electricity Distribution Plc,,node,12292562380,https://www.openstreetmap.org/node/12292562380,0.0,0.0,,"coordinates are (0, 0)",tawn b,
5251,TAWN_B,TAWN_B,110.0,TAWN_B,4,62.2,62.2,False,possible candidate - manual review,Enniskillen Town Substation,-7.6310481,54.3478707,33000,distribution,NIE Networks,,way,804747042,https://www.openstreetmap.org/way/804747042,0.0,0.0,,"coordinates are (0, 0)",tawn b,
5251,TAWN_B,TAWN_B,110.0,TAWN_B,5,60.0,60.0,False,possible candidate - manual review,Castletownbere 38 kV Substation,-9.8954981,51.6570588,38000,distribution,ESB Networks,,way,355529295,https://www.openstreetmap.org/way/355529295,0.0,0.0,,"coordinates are (0, 0)",tawn b,
5331,YELLOWMEADOW,YELLOWMEADOW,110.0,YELLOWMEADOW,1,57.3,57.3,False,possible candidate - manual review,Bog Meadows 33 kV Substation,-5.9662654,54.5747358,33000,distribution,NIE Networks,,way,477255058,https://www.openstreetmap.org/way/477255058,0.0,0.0,,"coordinates are (0, 0)",yellowmeadow,
5331,YELLOWMEADOW,YELLOWMEADOW,110.0,YELLOWMEADOW,2,50.0,50.0,False,weak match,Maydown 33kV Substation,-7.2561402,55.0289395,33000,distribution,NIE Networks,,way,1051116349,https://www.openstreetmap.org/way/1051116349,0.0,0.0,,"coordinates are (0, 0)",yellowmeadow,
5331,YELLOWMEADOW,YELLOWMEADOW,110.0,YELLOWMEADOW,3,49.9,49.9,False,weak match,Fairmeadow Close Herbrandston Substation,-5.0857603,51.7289355,11000;400,minor_distribution,National Grid Electricity Distribution Plc,,node,12292561307,https://www.openstreetmap.org/node/12292561307,0.0,0.0,,"coordinates are (0, 0)",yellowmeadow,
5331,YELLOWMEADOW,YELLOWMEADOW,110.0,YELLOWMEADOW,4,49.1,59.1,True,weak match,Pelletstown 110kV Substation,-6.3275833,53.3815035,110000;10000,transmission,EirGrid,,way,445358256,https://www.openstreetmap.org/way/445358256,0.0,0.0,,"coordinates are (0, 0)",yellowmeadow,
5331,YELLOWMEADOW,YELLOWMEADOW,110.0,YELLOWMEADOW,5,47.4,47.4,False,weak match,Kilmeaden 38 kV Substation,-7.2462957,52.2310774,38000;10000,distribution,ESB Networks,,way,692337253,https://www.openstreetmap.org/way/692337253,0.0,0.0,,"coordinates are (0, 0)",yellowmeadow,
66122,ORIEL LANDIN,ORIEL LANDIN,220.0,ORIEL LANDIN,1,85.5,85.5,False,good name match - check voltage,Oriel Y Parc Ev Station Substation,-5.2586082,51.8802375,11000;400,minor_distribution,National Grid Electricity Distribution Plc,,node,12245035199,https://www.openstreetmap.org/node/12245035199,0.0,0.0,,"coordinates are (0, 0)",oriel landin,
66122,ORIEL LANDIN,ORIEL LANDIN,220.0,ORIEL LANDIN,2,60.0,60.0,False,possible candidate - manual review,MAIN SUB,-8.5767368,52.6803697,10000,minor_distribution,,MVN-1,way,1423994120,https://www.openstreetmap.org/way/1423994120,0.0,0.0,,"coordinates are (0, 0)",oriel landin,
66122,ORIEL LANDIN,ORIEL LANDIN,220.0,ORIEL LANDIN,3,60.0,60.0,False,possible candidate - manual review,Second Turbine Lawrence Landfill Site Substation,-5.0023279,51.7748717,11000;400,minor_distribution,National Grid Electricity Distribution Plc,,node,12292560217,https://www.openstreetmap.org/node/12292560217,0.0,0.0,,"coordinates are (0, 0)",oriel landin,
66122,ORIEL LANDIN,ORIEL LANDIN,220.0,ORIEL LANDIN,4,60.0,60.0,False,possible candidate - manual review,Horse And Jockey Steynton Substation,-5.0174621,51.7296226,11000;400,minor_distribution,National Grid Electricity Distribution Plc,,node,12292562570,https://www.openstreetmap.org/node/12292562570,0.0,0.0,,"coordinates are (0, 0)",oriel landin,
66122,ORIEL LANDIN,ORIEL LANDIN,220.0,ORIEL LANDIN,5,60.0,60.0,False,possible candidate - manual review,Dublin Landings BL 3,-6.233624,53.3484911,10000,distribution,ESB Networks,0684271,node,10120757415,https://www.openstreetmap.org/node/10120757415,0.0,0.0,,"coordinates are (0, 0)",oriel landin,
66123,ORIEL OFFSHO,ORIEL OFFSHO,220.0,ORIEL OFFSHO,1,85.5,85.5,False,good name match - check voltage,Oriel Y Parc Ev Station Substation,-5.2586082,51.8802375,11000;400,minor_distribution,National Grid Electricity Distribution Plc,,node,12245035199,https://www.openstreetmap.org/node/12245035199,0.0,0.0,,"coordinates are (0, 0)",oriel offsho,
66123,ORIEL OFFSHO,ORIEL OFFSHO,220.0,ORIEL OFFSHO,2,52.5,52.5,False,weak match,Brookfield Close Keeston Substation,-5.0482697,51.8319786,11000;400,minor_distribution,National Grid Electricity Distribution Plc,,node,12292554831,https://www.openstreetmap.org/node/12292554831,0.0,0.0,,"coordinates are (0, 0)",oriel offsho,
66123,ORIEL OFFSHO,ORIEL OFFSHO,220.0,ORIEL OFFSHO,3,52.5,52.5,False,weak match,North Foreshore 33 kV Substation,-5.8968997,54.6257619,33000,distribution,NIE Networks,,way,223679287,https://www.openstreetmap.org/way/223679287,0.0,0.0,,"coordinates are (0, 0)",oriel offsho,
66123,ORIEL OFFSHO,ORIEL OFFSHO,220.0,ORIEL OFFSHO,4,51.3,51.3,False,weak match,UL-NIHE,-8.5701707,52.673555,10000,minor_distribution,ESB Networks,067257,way,1436546065,https://www.openstreetmap.org/way/1436546065,0.0,0.0,,"coordinates are (0, 0)",oriel offsho,indoor
66123,ORIEL OFFSHO,ORIEL OFFSHO,220.0,ORIEL OFFSHO,5,51.3,51.3,False,weak match,IRISH WORLD ACADEMY OF MUSIC & DANCE BUILDING,-8.568948,52.6781288,10000;415,industrial,ESB Networks,MVN-4,way,1444677620,https://www.openstreetmap.org/way/1444677620,0.0,0.0,,"coordinates are (0, 0)",oriel offsho,indoor
70111,AIRP,AIRP,110.0,AIRP,1,90.0,90.0,False,good name match - check voltage,Airport Road 33 kV Substation,-5.8984552,54.6038767,33000,distribution,NIE Networks,,way,477221983,https://www.openstreetmap.org/way/477221983,0.0,0.0,,"coordinates are (0, 0)",airp,
70111,AIRP,AIRP,110.0,AIRP,2,77.1,87.1,True,possible candidate - voltage agrees,Airton 110kV Substation,-6.3674201,53.2968693,110000;20000,transmission,EirGrid,,way,697470447,https://www.openstreetmap.org/way/697470447,0.0,0.0,,"coordinates are (0, 0)",airp,
70111,AIRP,AIRP,110.0,AIRP,3,73.3,73.3,False,possible candidate - manual review,SSE Airtricity,-5.9346938,54.5940591,,,SSE plc,,node,13198377623,https://www.openstreetmap.org/node/13198377623,0.0,0.0,,"coordinates are (0, 0)",airp,
70111,AIRP,AIRP,110.0,AIRP,4,67.5,67.5,False,possible candidate - manual review,WESTERN CAR PK KIOSK,-8.5785713,52.6743876,10000,,ESB Networks,067290 Z,node,13082650790,https://www.openstreetmap.org/node/13082650790,0.0,0.0,,"coordinates are (0, 0)",airp,
70111,AIRP,AIRP,110.0,AIRP,5,67.5,67.5,False,possible candidate - manual review,Fairhill 38 kV Substation,-8.4787144,51.9055019,38000;10000,distribution,ESB Networks,,way,501585547,https://www.openstreetmap.org/way/501585547,0.0,0.0,,"coordinates are (0, 0)",airp,
70112,AIRP1B,AIRP1,110.0,AIRP1,1,80.0,80.0,False,possible candidate - manual review,Airport Road 33 kV Substation,-5.8984552,54.6038767,33000,distribution,NIE Networks,,way,477221983,https://www.openstreetmap.org/way/477221983,0.0,0.0,,"coordinates are (0, 0)",airp1,
70112,AIRP1B,AIRP1,110.0,AIRP1,2,67.5,77.5,True,possible candidate - voltage agrees,Airton 110kV Substation,-6.3674201,53.2968693,110000;20000,transmission,EirGrid,,way,697470447,https://www.openstreetmap.org/way/697470447,0.0,0.0,,"coordinates are (0, 0)",airp1,
70112,AIRP1B,AIRP1,110.0,AIRP1,3,64.1,64.1,False,possible candidate - manual review,SSE Airtricity,-5.9346938,54.5940591,,,SSE plc,,node,13198377623,https://www.openstreetmap.org/node/13198377623,0.0,0.0,,"coordinates are (0, 0)",airp1,
70112,AIRP1B,AIRP1,110.0,AIRP1,4,60.0,60.0,False,possible candidate - manual review,Fairhill 38 kV Substation,-8.4787144,51.9055019,38000;10000,distribution,ESB Networks,,way,501585547,https://www.openstreetmap.org/way/501585547,0.0,0.0,,"coordinates are (0, 0)",airp1,
70112,AIRP1B,AIRP1,110.0,AIRP1,5,60.0,60.0,False,possible candidate - manual review,Fairmeadow Close Herbrandston Substation,-5.0857603,51.7289355,11000;400,minor_distribution,National Grid Electricity Distribution Plc,,node,12292561307,https://www.openstreetmap.org/node/12292561307,0.0,0.0,,"coordinates are (0, 0)",airp1,
72021,TBESS,TBESS,110.0,TBESS,1,80.0,80.0,False,possible candidate - manual review,Bessbrook South 33kV Substation,-6.3927936,54.1853003,33000,distribution,NIE Networks,,way,1041691207,https://www.openstreetmap.org/way/1041691207,0.0,0.0,,"coordinates are (0, 0)",tbess,
72021,TBESS,TBESS,110.0,TBESS,2,80.0,80.0,False,possible candidate - manual review,Bessbrook North 33kV Substation,-6.3669763,54.206016,33000,distribution,NIE Networks,,way,1041691208,https://www.openstreetmap.org/way/1041691208,0.0,0.0,,"coordinates are (0, 0)",tbess,
72021,TBESS,TBESS,110.0,TBESS,3,80.0,80.0,False,possible candidate - manual review,Bessy Bell 33kV Substation,-7.3801794,54.6814882,33000,generation,NIE Networks,,way,1056860460,https://www.openstreetmap.org/way/1056860460,0.0,0.0,,"coordinates are (0, 0)",tbess,
72021,TBESS,TBESS,110.0,TBESS,4,72.0,72.0,False,possible candidate - manual review,Blessington 38kV Substation,-6.5254914,53.184332,38000;20000;10000,distribution,ESB Networks,,way,255719033,https://www.openstreetmap.org/way/255719033,0.0,0.0,,"coordinates are (0, 0)",tbess,
72021,TBESS,TBESS,110.0,TBESS,5,72.0,82.0,True,possible candidate - voltage agrees,Kells BESS 110 kV Substation,-6.1653631,54.8036875,110000,generation,NIE Networks,,way,1132372558,https://www.openstreetmap.org/way/1132372558,0.0,0.0,,"coordinates are (0, 0)",tbess,
76513,DONE1D,DONE1D,110.0,DONE1D,1,72.0,72.0,False,possible candidate - manual review,Donegal 38 kV Substation,-8.0900911,54.657756,38000,distribution,ESB Networks,,way,627428621,https://www.openstreetmap.org/way/627428621,0.0,0.0,,"coordinates are (0, 0)",done1d,
76513,DONE1D,DONE1D,110.0,DONE1D,2,72.0,82.0,True,possible candidate - voltage agrees,Donegall 110kV Substation,-5.9540897,54.5909011,110000,transmission,NIE Networks,,way,429456205,https://www.openstreetmap.org/way/429456205,0.0,0.0,,"coordinates are (0, 0)",done1d,
76513,DONE1D,DONE1D,110.0,DONE1D,3,60.0,70.0,True,possible candidate - voltage agrees,Bandon 110kV Substation,-8.733195,51.7739278,110000;38000;10000,transmission,EirGrid,,way,186166560,https://www.openstreetmap.org/way/186166560,0.0,0.0,,"coordinates are (0, 0)",done1d,
76513,DONE1D,DONE1D,110.0,DONE1D,4,60.0,60.0,False,possible candidate - manual review,Caherdowney Substation,-9.1181732,52.0025259,20000,generation,ESB Networks,,way,438945351,https://www.openstreetmap.org/way/438945351,0.0,0.0,,"coordinates are (0, 0)",done1d,
76513,DONE1D,DONE1D,110.0,DONE1D,5,60.0,60.0,False,possible candidate - manual review,OMNISTONE,-8.485701,51.8492082,10000;400;230,industrial,ESB Networks,281152Z,way,1402611892,https://www.openstreetmap.org/way/1402611892,0.0,0.0,,"coordinates are (0, 0)",done1d,indoor
77010,DRUM1-,DRUM1,110.0,DRUM1,1,80.0,90.0,True,possible candidate - voltage agrees,Drumline 110kV Substation,-8.8613742,52.7239924,110000;38000;20000,transmission,EirGrid,,way,207628559,https://www.openstreetmap.org/way/207628559,0.0,0.0,,"coordinates are (0, 0)",drum1,
77010,DRUM1-,DRUM1,110.0,DRUM1,2,80.0,80.0,False,possible candidate - manual review,Drumquin 38 kV Substation,-9.0368063,52.7595617,38000;10000;20000,distribution,ESB Networks,,way,693810473,https://www.openstreetmap.org/way/693810473,0.0,0.0,,"coordinates are (0, 0)",drum1,
77010,DRUM1-,DRUM1,110.0,DRUM1,3,80.0,80.0,False,possible candidate - manual review,Drumcondra 38kV Substation,-6.2604578,53.3629115,38000,distribution,ESB Networks,,way,503253219,https://www.openstreetmap.org/way/503253219,0.0,0.0,,"coordinates are (0, 0)",drum1,
77010,DRUM1-,DRUM1,110.0,DRUM1,4,80.0,80.0,False,possible candidate - manual review,Drumquin 38 kV Substation,-8.1918137,54.1449222,38000,generation,ESB Networks,,way,1112181268,https://www.openstreetmap.org/way/1112181268,0.0,0.0,,"coordinates are (0, 0)",drum1,
77010,DRUM1-,DRUM1,110.0,DRUM1,5,80.0,90.0,True,possible candidate - voltage agrees,Drumkeen 110kV Substation,-7.7722302,54.8631648,110000,transmission,EirGrid,,way,183549487,https://www.openstreetmap.org/way/183549487,0.0,0.0,,"coordinates are (0, 0)",drum1,
77211,CURR_WF,CURR_WF,110.0,CURR_WF,1,65.5,65.5,False,possible candidate - manual review,Currabwee 38 kV Substation,-9.1123036,51.6742776,38000,generation,ESB Networks,,way,515060750,https://www.openstreetmap.org/way/515060750,0.0,0.0,,"coordinates are (0, 0)",curr wf,
77211,CURR_WF,CURR_WF,110.0,CURR_WF,2,65.5,65.5,False,possible candidate - manual review,Curraleigh 38kV Substation,-8.6704366,51.906688,38000;20000,distribution,ESB Networks,,way,524530782,https://www.openstreetmap.org/way/524530782,0.0,0.0,,"coordinates are (0, 0)",curr wf,
77211,CURR_WF,CURR_WF,110.0,CURR_WF,3,65.5,65.5,False,possible candidate - manual review,Curraglass 38 kV Substation,-8.0715506,52.0937395,38000,distribution,ESB Networks,,way,525071024,https://www.openstreetmap.org/way/525071024,0.0,0.0,,"coordinates are (0, 0)",curr wf,
77211,CURR_WF,CURR_WF,110.0,CURR_WF,4,65.5,65.5,False,possible candidate - manual review,Curragh Substation,-9.1210743,52.0055131,,generation,SSE Renewables,,way,706297529,https://www.openstreetmap.org/way/706297529,0.0,0.0,,"coordinates are (0, 0)",curr wf,
77211,CURR_WF,CURR_WF,110.0,CURR_WF,5,65.5,65.5,False,possible candidate - manual review,Curraghmartin 10 kV Substation,-7.1912276,52.2793157,10000,generation,ESB Networks,,way,1126946055,https://www.openstreetmap.org/way/1126946055,0.0,0.0,,"coordinates are (0, 0)",curr wf,
80511,GLEN1A,GLEN1,110.0,GLEN1,1,80.0,90.0,True,possible candidate - voltage agrees,Glenlara 110kV Substation,-9.023808,52.2053487,110000;38000,transmission,EirGrid,,way,374587161,https://www.openstreetmap.org/way/374587161,0.0,0.0,,"coordinates are (0, 0)",glen1,
80511,GLEN1A,GLEN1,110.0,GLEN1,2,80.0,80.0,False,possible candidate - manual review,Glengarriff 38kV Substation,-9.5209756,51.758241,38000,distribution,ESB Networks,,way,438354935,https://www.openstreetmap.org/way/438354935,0.0,0.0,,"coordinates are (0, 0)",glen1,
80511,GLEN1A,GLEN1,110.0,GLEN1,3,80.0,80.0,False,possible candidate - manual review,Glenough 38 kV Substation,-8.0513484,52.6392997,38000,generation,ESB Networks,,way,443604746,https://www.openstreetmap.org/way/443604746,0.0,0.0,,"coordinates are (0, 0)",glen1,
80511,GLEN1A,GLEN1,110.0,GLEN1,4,80.0,80.0,False,possible candidate - manual review,Glenduff 38-kV substation,-9.0421807,52.3403634,38000,generation,ESB Networks,,way,1204709143,https://www.openstreetmap.org/way/1204709143,0.0,0.0,,"coordinates are (0, 0)",glen1,
80511,GLEN1A,GLEN1,110.0,GLEN1,5,80.0,80.0,False,possible candidate - manual review,Glenmore 38 kV Substation,-9.1520157,52.3855216,38000,generation,ESB Networks,,way,1213167798,https://www.openstreetmap.org/way/1213167798,0.0,0.0,,"coordinates are (0, 0)",glen1,
80512,GLEN1B,GLEN1,110.0,GLEN1,1,80.0,90.0,True,possible candidate - voltage agrees,Glenlara 110kV Substation,-9.023808,52.2053487,110000;38000,transmission,EirGrid,,way,374587161,https://www.openstreetmap.org/way/374587161,0.0,0.0,,"coordinates are (0, 0)",glen1,
80512,GLEN1B,GLEN1,110.0,GLEN1,2,80.0,80.0,False,possible candidate - manual review,Glengarriff 38kV Substation,-9.5209756,51.758241,38000,distribution,ESB Networks,,way,438354935,https://www.openstreetmap.org/way/438354935,0.0,0.0,,"coordinates are (0, 0)",glen1,
80512,GLEN1B,GLEN1,110.0,GLEN1,3,80.0,80.0,False,possible candidate - manual review,Glenough 38 kV Substation,-8.0513484,52.6392997,38000,generation,ESB Networks,,way,443604746,https://www.openstreetmap.org/way/443604746,0.0,0.0,,"coordinates are (0, 0)",glen1,
80512,GLEN1B,GLEN1,110.0,GLEN1,4,80.0,80.0,False,possible candidate - manual review,Glenduff 38-kV substation,-9.0421807,52.3403634,38000,generation,ESB Networks,,way,1204709143,https://www.openstreetmap.org/way/1204709143,0.0,0.0,,"coordinates are (0, 0)",glen1,
80512,GLEN1B,GLEN1,110.0,GLEN1,5,80.0,80.0,False,possible candidate - manual review,Glenmore 38 kV Substation,-9.1520157,52.3855216,38000,generation,ESB Networks,,way,1213167798,https://www.openstreetmap.org/way/1213167798,0.0,0.0,,"coordinates are (0, 0)",glen1,
81512,KELL_WIND2,KELL_WIND2,110.0,KELL_WIND2,1,64.1,64.1,False,possible candidate - manual review,Lower Scoverston Wind Turbine Substation,-5.0035026,51.7193305,11000;400,minor_distribution,National Grid Electricity Distribution Plc,,node,12292559482,https://www.openstreetmap.org/node/12292559482,0.0,0.0,,"coordinates are (0, 0)",kell wind2,
81512,KELL_WIND2,KELL_WIND2,110.0,KELL_WIND2,2,64.1,64.1,False,possible candidate - manual review,Scoveston Stern Wind Turbine Scoveston P Substation,-5.0001352,51.7216252,11000;400,minor_distribution,National Grid Electricity Distribution Plc,,node,12292559491,https://www.openstreetmap.org/node/12292559491,0.0,0.0,,"coordinates are (0, 0)",kell wind2,
81512,KELL_WIND2,KELL_WIND2,110.0,KELL_WIND2,3,64.1,64.1,False,possible candidate - manual review,Scoveston Park Farm Wind Turbine Substation,-5.0026166,51.7227714,11000;400,minor_distribution,National Grid Electricity Distribution Plc,,node,12292559495,https://www.openstreetmap.org/node/12292559495,0.0,0.0,,"coordinates are (0, 0)",kell wind2,
81512,KELL_WIND2,KELL_WIND2,110.0,KELL_WIND2,4,64.1,64.1,False,possible candidate - manual review,Castle Pill Farm Wind Turbine Substation,-5.0074957,51.7239724,11000;400,minor_distribution,National Grid Electricity Distribution Plc,,node,12292559517,https://www.openstreetmap.org/node/12292559517,0.0,0.0,,"coordinates are (0, 0)",kell wind2,
81512,KELL_WIND2,KELL_WIND2,110.0,KELL_WIND2,5,64.1,64.1,False,possible candidate - manual review,Lodge Farm Wind Turbine Substation,-5.0630739,51.7259895,11000;400,minor_distribution,National Grid Electricity Distribution Plc,,node,12292561799,https://www.openstreetmap.org/node/12292561799,0.0,0.0,,"coordinates are (0, 0)",kell wind2,
81810,KILL1-CL,KILL1-CL,110.0,KILL1-CL,1,72.0,72.0,False,possible candidate - manual review,Killacloyne 38kV Substation,-8.2777252,51.9117104,38000;10000,distribution,ESB Networks,,way,518587143,https://www.openstreetmap.org/way/518587143,0.0,0.0,,"coordinates are (0, 0)",kill1 cl,
81810,KILL1-CL,KILL1-CL,110.0,KILL1-CL,2,69.2,69.2,False,possible candidate - manual review,Kilcloher 38 kV Substation,-7.7795295,52.125486,38000,distribution,ESB Networks,,way,488456745,https://www.openstreetmap.org/way/488456745,0.0,0.0,,"coordinates are (0, 0)",kill1 cl,
81810,KILL1-CL,KILL1-CL,110.0,KILL1-CL,3,69.2,79.2,True,possible candidate - voltage agrees,Kill Hill 110kV Substation,-7.8209426,52.5172741,110000;38000,transmission,EirGrid,,way,521548109,https://www.openstreetmap.org/way/521548109,0.0,0.0,,"coordinates are (0, 0)",kill1 cl,
81810,KILL1-CL,KILL1-CL,110.0,KILL1-CL,4,67.5,67.5,False,possible candidate - manual review,Brookhill Central 33kV Substation,-6.1568752,54.5307806,33000,distribution,NIE Networks,,way,460132004,https://www.openstreetmap.org/way/460132004,0.0,0.0,,"coordinates are (0, 0)",kill1 cl,
81810,KILL1-CL,KILL1-CL,110.0,KILL1-CL,5,64.3,64.3,False,possible candidate - manual review,Kilcolgan 38 kV Substation,-8.8698884,53.2117705,38000,distribution,ESB Networks,,way,849342513,https://www.openstreetmap.org/way/849342513,0.0,0.0,,"coordinates are (0, 0)",kill1 cl,
85510,MAKL1-CL,MAKL1-CL,110.0,MAKL1-CL,1,60.0,70.0,True,possible candidate - voltage agrees,Mallow 110kV Substation,-8.6206886,52.1431365,110000;38000;10000,transmission,EirGrid,,way,129111454,https://www.openstreetmap.org/way/129111454,0.0,0.0,,"coordinates are (0, 0)",makl1 cl,
85510,MAKL1-CL,MAKL1-CL,110.0,MAKL1-CL,2,60.0,60.0,False,possible candidate - manual review,Mallow Hospital,-8.6627286,52.1509823,10000;400;230,minor_distribution,ESB Networks,022858,way,1265857519,https://www.openstreetmap.org/way/1265857519,0.0,0.0,,"coordinates are (0, 0)",makl1 cl,
85510,MAKL1-CL,MAKL1-CL,110.0,MAKL1-CL,3,60.0,60.0,False,possible candidate - manual review,MAIN SUB,-8.5767368,52.6803697,10000,minor_distribution,,MVN-1,way,1423994120,https://www.openstreetmap.org/way/1423994120,0.0,0.0,,"coordinates are (0, 0)",makl1 cl,
85510,MAKL1-CL,MAKL1-CL,110.0,MAKL1-CL,4,60.0,60.0,False,possible candidate - manual review,Rathcoole Shopping Mall,-6.4713229,53.2817553,10000,minor_distribution,ESB Networks,,way,1013905509,https://www.openstreetmap.org/way/1013905509,0.0,0.0,,"coordinates are (0, 0)",makl1 cl,
85510,MAKL1-CL,MAKL1-CL,110.0,MAKL1-CL,5,60.0,60.0,False,possible candidate - manual review,Mallusk 33kV Substation,-5.9855778,54.67432,33000,distribution,NIE Networks,,way,501105171,https://www.openstreetmap.org/way/501105171,0.0,0.0,,"coordinates are (0, 0)",makl1 cl,
87900,RASHARK1,RASHARK1,110.0,RASHARK1,1,84.0,94.0,True,possible candidate - voltage agrees,Rasharkin 110kV Substation,-6.4957258,54.9652587,110000,generation,NIE Networks,,way,485027264,https://www.openstreetmap.org/way/485027264,0.0,0.0,,"coordinates are (0, 0)",rashark1,
87900,RASHARK1,RASHARK1,110.0,RASHARK1,2,60.0,60.0,False,possible candidate - manual review,Rahans 38 kV Substation,-9.1572065,54.0994927,38000,industrial,ESB Networks,,way,374797509,https://www.openstreetmap.org/way/374797509,0.0,0.0,,"coordinates are (0, 0)",rashark1,
87900,RASHARK1,RASHARK1,110.0,RASHARK1,3,56.2,56.2,False,possible candidate - manual review,Curraghmartin 10 kV Substation,-7.1912276,52.2793157,10000,generation,ESB Networks,,way,1126946055,https://www.openstreetmap.org/way/1126946055,0.0,0.0,,"coordinates are (0, 0)",rashark1,
87900,RASHARK1,RASHARK1,110.0,RASHARK1,4,56.2,66.2,True,possible candidate - voltage agrees,Rathnaskilloge 110 kV Substation,-7.4519341,52.1571371,110000,generation,EirGrid,,way,1487359615,https://www.openstreetmap.org/way/1487359615,0.0,0.0,,"coordinates are (0, 0)",rashark1,
87900,RASHARK1,RASHARK1,110.0,RASHARK1,5,56.2,66.2,True,possible candidate - voltage agrees,Ardnacrusha 110kV Substation,-8.6163685,52.7049873,110000,transmission,EirGrid,,way,200626863,https://www.openstreetmap.org/way/200626863,0.0,0.0,,"coordinates are (0, 0)",rashark1,
87901,T_GOWANGIS,T_GOWANGIS,110.0,T_GOWANGIS,1,85.5,85.5,False,good name match - check voltage,Milford Haven S.T.W Substation,-5.0419409,51.7174078,11000;400,minor_distribution,National Grid Electricity Distribution,,node,12292562428,https://www.openstreetmap.org/node/12292562428,0.0,0.0,,"coordinates are (0, 0)",t gowangis,
87901,T_GOWANGIS,T_GOWANGIS,110.0,T_GOWANGIS,2,59.9,59.9,False,possible candidate - manual review,Ballygowan Central 33 kV Substation,-5.7827645,54.5052354,33000,distribution,NIE Networks,,way,1040604535,https://www.openstreetmap.org/way/1040604535,0.0,0.0,,"coordinates are (0, 0)",t gowangis,
87901,T_GOWANGIS,T_GOWANGIS,110.0,T_GOWANGIS,3,54.0,54.0,False,weak match,Leitir Gungaid 38 kV Substation,-9.2046698,53.2834572,38000,generation,ESB Networks,,way,1002115472,https://www.openstreetmap.org/way/1002115472,0.0,0.0,,"coordinates are (0, 0)",t gowangis,
87901,T_GOWANGIS,T_GOWANGIS,110.0,T_GOWANGIS,4,52.9,62.9,True,weak match,Waringstown 110kV Substation,-6.3078693,54.450423,110000,transmission,NIE Networks,,way,231161975,https://www.openstreetmap.org/way/231161975,0.0,0.0,,"coordinates are (0, 0)",t gowangis,
87901,T_GOWANGIS,T_GOWANGIS,110.0,T_GOWANGIS,5,51.4,51.4,False,weak match,Town Hall Milford Haven Substation,-5.0301274,51.7110421,11000;400,minor_distribution,National Grid Electricity Distribution Plc,,node,12292562380,https://www.openstreetmap.org/node/12292562380,0.0,0.0,,"coordinates are (0, 0)",t gowangis,
89210,SKRK1-,SKRK1,110.0,SKRK1,1,54.0,54.0,False,weak match,Cloghaneleskirt 20 KV Substation,-9.5332645,52.3432121,20000,generation,ESB Networks,,way,927180472,https://www.openstreetmap.org/way/927180472,0.0,0.0,,"coordinates are (0, 0)",skrk1,
89210,SKRK1-,SKRK1,110.0,SKRK1,2,54.0,64.0,True,weak match,Blackrock 110kV Substation,-6.1746296,53.2914914,110000;38000,transmission,EirGrid,,way,371316756,https://www.openstreetmap.org/way/371316756,0.0,0.0,,"coordinates are (0, 0)",skrk1,indoor
89210,SKRK1-,SKRK1,110.0,SKRK1,3,54.0,64.0,True,weak match,College Park 110kV Substation,-6.3761003,53.4105364,110000;10000,transmission,EirGrid,,way,446020910,https://www.openstreetmap.org/way/446020910,0.0,0.0,,"coordinates are (0, 0)",skrk1,
89210,SKRK1-,SKRK1,110.0,SKRK1,4,54.0,64.0,True,weak match,Central Park 110kV Substation,-6.2060635,53.2702392,110000,transmission,EirGrid,,way,470024318,https://www.openstreetmap.org/way/470024318,0.0,0.0,,"coordinates are (0, 0)",skrk1,
89210,SKRK1-,SKRK1,110.0,SKRK1,5,54.0,64.0,True,weak match,Slieve Kirk 110 kV Substation,-7.2636039,54.9176481,110000,generation,NIE Networks,,way,220472977,https://www.openstreetmap.org/way/220472977,0.0,0.0,,"coordinates are (0, 0)",skrk1,
GB_EWIC,EWIC far terminal,EWIC,260.0,EWIC,1,77.1,77.1,False,possible candidate - manual review,Wicklow 38kV Substation,-6.0656179,52.9806614,38000,distribution,ESB Networks,,way,375426379,https://www.openstreetmap.org/way/375426379,0.0,0.0,,"coordinates are (0, 0)",ewic,
GB_EWIC,EWIC far terminal,EWIC,260.0,EWIC,2,67.5,67.5,False,possible candidate - manual review,Limerick 110kV Substation,-8.6416309,52.634953,110000;38000,transmission,EirGrid,,way,96765746,https://www.openstreetmap.org/way/96765746,0.0,0.0,,"coordinates are (0, 0)",ewic,
GB_EWIC,EWIC far terminal,EWIC,260.0,EWIC,3,67.5,67.5,False,possible candidate - manual review,Newcastlewest 38 kV Substation,-9.0382786,52.444389,38000,distribution,ESB Networks,,way,441130728,https://www.openstreetmap.org/way/441130728,0.0,0.0,,"coordinates are (0, 0)",ewic,
GB_EWIC,EWIC far terminal,EWIC,260.0,EWIC,4,67.5,67.5,False,possible candidate - manual review,Crocane Windfarm Substation,-8.1566959,51.8431262,10000,generation,ESB Networks,,way,1002100256,https://www.openstreetmap.org/way/1002100256,0.0,0.0,,"coordinates are (0, 0)",ewic,
GB_EWIC,EWIC far terminal,EWIC,260.0,EWIC,5,67.5,67.5,False,possible candidate - manual review,Heol Dewi St Davids Substation,-5.2602136,51.8843156,11000;400,minor_distribution,National Grid Electricity Distribution Plc,,node,12245035357,https://www.openstreetmap.org/node/12245035357,0.0,0.0,,"coordinates are (0, 0)",ewic,
GB_GREENLINK,Greenlink far terminal,GREENLINK,150.0,GREENLINK,1,90.0,90.0,False,good name match - check voltage,Greenlink Interconnector Substation,-6.9855374,52.2826623,,,,,way,1378048512,https://www.openstreetmap.org/way/1378048512,0.0,0.0,,"coordinates are (0, 0)",greenlink,
GB_GREENLINK,Greenlink far terminal,GREENLINK,150.0,GREENLINK,2,67.5,67.5,False,possible candidate - manual review,Greenhills 38kV Substation,-6.328238,53.3136778,38000,distribution,ESB Networks,,way,634333388,https://www.openstreetmap.org/way/634333388,0.0,0.0,,"coordinates are (0, 0)",greenlink,
GB_GREENLINK,Greenlink far terminal,GREENLINK,150.0,GREENLINK,3,64.3,64.3,False,possible candidate - manual review,Greenoge Substation,-6.7231962,52.6571766,20000,generation,ESB Networks,,way,631611597,https://www.openstreetmap.org/way/631611597,0.0,0.0,,"coordinates are (0, 0)",greenlink,
GB_GREENLINK,Greenlink far terminal,GREENLINK,150.0,GREENLINK,4,64.1,64.1,False,possible candidate - manual review,St. Stephen's Green Luas Substation,-6.2609333,53.3394284,38000,traction,Luas - Transdev Dublin Light Rail Limited,,node,3595999379,https://www.openstreetmap.org/node/3595999379,0.0,0.0,,"coordinates are (0, 0)",greenlink,underground
GB_GREENLINK,Greenlink far terminal,GREENLINK,150.0,GREENLINK,5,57.0,57.0,False,possible candidate - manual review,Liddlestone Ridge PV Gen,-5.0429424,51.7184162,33000,,National Grid Electricity Distribution Plc,,way,974781755,https://www.openstreetmap.org/way/974781755,0.0,0.0,,"coordinates are (0, 0)",greenlink,
