temperature_step,temperature,current_energy,best_energy,accepted,acceptance_rate,new_bests,blackbox_calls
1,0.004571003753597731,8.561540814049154,8.561540814049154,18,0.9,0,31
2,0.004525293716061754,8.561792771235417,8.561540814049154,18,0.9,0,51
3,0.0044800407789011365,8.561718622599948,8.561540814049154,17,0.85,0,71
4,0.004435240371112125,8.48226860069593,8.482125947403436,20,1.0,2,91
5,0.004390887967401004,8.481042438369261,8.48068483907985,14,0.7,1,111
6,0.004346979087726994,8.480754161936295,8.48068483907985,16,0.8,0,131
7,0.004303509296849724,8.481750917864584,8.48068483907985,17,0.85,0,151
8,0.004260474203881227,8.483107296050527,8.48068483907985,18,0.9,0,171
9,0.004217869461842415,8.483245394048124,8.48068483907985,17,0.85,0,191
10,0.004175690767223991,8.244378108627945,8.244378108627945,14,0.7,1,211
11,0.004133933859551751,8.244444364156601,8.24414337603057,17,0.85,4,231
12,0.004092594520956234,8.243953838325222,8.243383802864157,17,0.85,3,251
13,0.004051668575746671,8.241907118696693,8.241907118696693,14,0.7,2,271
14,0.004011151889989205,8.244156051227954,8.241907118696693,15,0.75,0,291
15,0.003971040371089312,8.244794499890272,8.241907118696693,12,0.6,0,311
16,0.0039313299673784195,8.244819230895958,8.241907118696693,18,0.9,0,331
17,0.0038920166677046354,8.247354145863781,8.241907118696693,18,0.9,0,351
18,0.003853096501027589,8.244165300271513,8.241907118696693,13,0.65,0,371
19,0.0038145655360173132,8.243844625896795,8.241907118696693,16,0.8,0,391
20,0.00377641988065714,8.245294414821425,8.241907118696693,15,0.75,0,411
21,0.0037386556818505686,8.245335391823057,8.241907118696693,18,0.9,0,431
22,0.003701269125032063,8.245346966283124,8.241907118696693,18,0.9,0,451
23,0.003664256433781742,8.245451876773812,8.241907118696693,17,0.85,0,471
24,0.003627613869443925,8.24480778522394,8.241907118696693,17,0.85,0,491
25,0.0035913377307494857,8.255174913266277,8.241907118696693,16,0.8,0,511
26,0.0035554243534419907,8.246378437332195,8.241907118696693,14,0.7,0,531
27,0.003519870109907571,8.246047622970757,8.241907118696693,14,0.7,0,551
28,0.0034846714088084953,8.247465107077327,8.241907118696693,14,0.7,0,571
29,0.0034498246947204103,8.233931351417995,8.233931351417995,15,0.75,3,591
30,0.0034153264477732063,8.23413949821346,8.233931351417995,16,0.8,0,611
31,0.003381173183295474,8.230718004688953,8.230718004688953,13,0.65,1,631
32,0.0033473614514625194,8.230752587819335,8.230718004688953,19,0.95,0,651
33,0.003313887836947894,8.232773186155734,8.230718004688953,16,0.8,0,671
34,0.003280748958578415,8.230779094678132,8.230718004688953,14,0.7,0,691
35,0.0032479414689926306,8.232398945688024,8.230718004688953,14,0.7,0,711
36,0.0032154620543027044,8.204687349819563,8.204481477623652,17,0.85,1,731
37,0.0031833074337596773,8.204935975811091,8.204481477623652,16,0.8,0,751
38,0.0031514743594220807,8.188864474531574,8.188864474531574,16,0.8,1,771
39,0.00311995961582786,8.19634997742311,8.188864474531574,16,0.8,0,791
40,0.0030887600196695814,8.15600814610841,8.15600814610841,18,0.9,1,811
41,0.0030578724194728854,8.155485407369664,8.155485407369664,20,1.0,1,831
42,0.0030272936952781566,8.153886645761679,8.153773081829028,18,0.9,1,851
43,0.002997020758325375,8.151087924429937,8.151087924429937,14,0.7,2,871
44,0.0029670505507421213,8.150181803522752,8.150181803522752,17,0.85,1,891
45,0.0029373800452347,8.150181803522752,8.150181803522752,16,0.8,0,911
46,0.002908006244782353,8.14996310259884,8.14996310259884,14,0.7,1,931
47,0.0028789261823345294,8.14996310259884,8.14996310259884,18,0.9,0,951
48,0.0028501369205111843,8.150117876406279,8.14996310259884,15,0.75,0,971
49,0.0028216355513060723,8.14988413484562,8.14988413484562,14,0.7,1,991
50,0.0027934191957930117,8.14988413484562,8.14988413484562,13,0.65,0,1011
51,0.0027654850038350814,8.143964637898849,8.143964637898849,16,0.8,1,1031
52,0.0027378301537967307,8.144199327825135,8.143964637898849,13,0.65,0,1051
53,0.0027104518522587636,8.148558780616398,8.143964637898849,17,0.85,0,1071
54,0.002683347333736176,8.144412967466222,8.143964637898849,17,0.85,0,1091
55,0.002656513860398814,8.143944145312865,8.143944145312865,15,0.75,1,1111
56,0.0026299487217948257,8.149337911845741,8.143944145312865,16,0.8,0,1131
57,0.0026036492345768774,8.150532736639244,8.143944145312865,16,0.8,0,1151
58,0.0025776127422311086,8.151965744249903,8.143944145312865,12,0.6,0,1171
59,0.0025518366148087977,8.153110845963704,8.143944145312865,16,0.8,0,1191
60,0.0025263182486607097,8.135799393948119,8.135766723509878,15,0.75,3,1211
61,0.0025010550661741025,8.135869355707952,8.135766723509878,16,0.8,0,1231
62,0.0024760445155123613,8.133806165396999,8.133806165396999,19,0.95,2,1251
63,0.0024512840703572376,8.094683834842646,8.094683834842646,18,0.9,3,1271
64,0.0024267712296536653,8.094735548226357,8.094683834842646,15,0.75,0,1291
65,0.0024025035173571288,8.068575869385437,8.068575869385437,17,0.85,1,1311
66,0.0023784784821835572,8.068524156001727,8.068524156001727,17,0.85,1,1331
67,0.0023546936973617215,8.06676764948446,8.06676764948446,19,0.95,2,1351
68,0.002331146760388104,8.064607864823293,8.064607864823293,17,0.85,2,1371
69,0.002307835292784223,8.064875631614555,8.064607864823293,14,0.7,0,1391
70,0.002284756939856381,8.064849963173383,8.064607864823293,17,0.85,0,1411
71,0.002261909370457817,8.064849963173383,8.064607864823293,16,0.8,0,1431
72,0.002239290276753239,8.067210575910147,8.064607864823293,16,0.8,0,1451
73,0.0022168973739857063,8.065682413819214,8.064607864823293,16,0.8,0,1471
74,0.0021947284002458494,8.065682413819214,8.064607864823293,17,0.85,0,1491
75,0.0021727811162433907,8.065682413819214,8.064607864823293,18,0.9,0,1511
76,0.0021510533050809566,8.065682413819214,8.064607864823293,16,0.8,0,1531
77,0.002129542772030147,8.065682413819214,8.064607864823293,15,0.75,0,1551
78,0.0021082473443098456,8.066056445412691,8.064607864823293,14,0.7,0,1571
79,0.002087164870866747,8.065426813857393,8.064607864823293,15,0.75,0,1591
80,0.0020662932221580796,8.065141990491211,8.064607864823293,15,0.75,0,1611
81,0.0020456302899364985,8.065141990491211,8.064607864823293,12,0.6,0,1631
82,0.0020251739870371334,8.065141990491211,8.064607864823293,18,0.9,0,1651
83,0.002004922247166762,8.064954136468453,8.064607864823293,17,0.85,0,1671
84,0.0019848730246950943,8.040443394227522,8.040443394227522,17,0.85,1,1691
85,0.0019650242944481435,8.042321003890956,8.040443394227522,16,0.8,0,1711
86,0.001945374051503662,8.042321003890956,8.040443394227522,13,0.65,0,1731
87,0.0019259203109886253,8.042321003890956,8.040443394227522,15,0.75,0,1751
88,0.001906661107878739,8.042321003890956,8.040443394227522,17,0.85,0,1771
89,0.0018875944967999515,8.03956989607262,8.03956989607262,19,0.95,3,1791
90,0.001868718551831952,8.035739974371888,8.035739974371888,18,0.9,1,1811
91,0.0018500313663136324,8.035346401890198,8.035346401890198,14,0.7,1,1831
92,0.0018315310526504961,8.034403158950031,8.034403158950031,13,0.65,1,1851
93,0.0018132157421239911,8.034329317719214,8.034329317719214,18,0.9,1,1871
94,0.0017950835847027511,8.034329317719214,8.034329317719214,15,0.75,0,1891
95,0.0017771327488557236,8.033696668935635,8.033681749479552,17,0.85,1,1911
96,0.0017593614213671663,8.033874168096975,8.033681749479552,18,0.9,0,1931
97,0.0017417678071534946,8.010000418256187,8.010000418256187,15,0.75,3,1951
98,0.0017243501290819597,8.012162668721817,8.010000418256187,15,0.75,0,1971
99,0.0017071066277911402,8.012568976710698,8.010000418256187,18,0.9,0,1991
100,0.0016900355615132288,8.012304933807895,8.010000418256187,15,0.75,0,2011
101,0.0016731352058980966,8.0129940459631,8.010000418256187,16,0.8,0,2031
102,0.0016564038538391156,8.013395987325909,8.010000418256187,17,0.85,0,2051
103,0.0016398398153007244,8.013978167187776,8.010000418256187,17,0.85,0,2071
104,0.0016234414171477172,8.01394133674662,8.010000418256187,16,0.8,0,2091
105,0.00160720700297624,8.0136706544155,8.010000418256187,15,0.75,0,2111
106,0.0015911349329464776,8.013904687729852,8.010000418256187,15,0.75,0,2131
107,0.0015752235836170127,8.011590096434201,8.010000418256187,16,0.8,0,2151
108,0.0015594713477808425,8.011604514031326,8.010000418256187,15,0.75,0,2171
109,0.0015438766343030342,8.011401042923389,8.010000418256187,15,0.75,0,2191
110,0.001528437867960004,8.011325614430582,8.010000418256187,15,0.75,0,2211
111,0.0015131534892804039,8.011354878263436,8.010000418256187,19,0.95,0,2231
112,0.0014980219543875998,8.011357526778045,8.010000418256187,13,0.65,0,2251
113,0.0014830417348437237,8.011358791532357,8.010000418256187,18,0.9,0,2271
114,0.0014682113174952864,8.011343569017605,8.010000418256187,17,0.85,0,2291
115,0.0014535292043203335,8.0104054212636,8.010000418256187,15,0.75,0,2311
116,0.00143899391227713,8.0104054212636,8.010000418256187,17,0.85,0,2331
117,0.0014246039731543587,8.0104054212636,8.010000418256187,15,0.75,0,2351
118,0.001410357933422815,8.0104054212636,8.010000418256187,17,0.85,0,2371
119,0.001396254354088587,8.0104054212636,8.010000418256187,17,0.85,0,2391
120,0.0013822918105477011,8.01138234628963,8.010000418256187,15,0.75,0,2411
121,0.0013684688924422241,8.010894092313299,8.010000418256187,18,0.9,0,2431
122,0.001354784203517802,8.011714480096195,8.010000418256187,18,0.9,0,2451
123,0.001341236361482624,8.011714480096195,8.010000418256187,15,0.75,0,2471
124,0.0013278239978677978,8.011714480096195,8.010000418256187,16,0.8,0,2491
125,0.0013145457578891198,8.015713711565263,8.010000418256187,18,0.9,0,2511
126,0.0013014003003102286,8.013157637190968,8.010000418256187,16,0.8,0,2531
127,0.0012883862973071263,8.013640170147449,8.010000418256187,18,0.9,0,2551
128,0.001275502434334055,8.015448022473555,8.010000418256187,18,0.9,0,2571
129,0.0012627474099907144,8.015448022473555,8.010000418256187,20,1.0,0,2591
130,0.0012501199358908072,8.015448022473555,8.010000418256187,16,0.8,0,2611
131,0.001237618736531899,8.015448022473555,8.010000418256187,17,0.85,0,2631
132,0.0012252425491665801,8.014344232273805,8.010000418256187,14,0.7,0,2651
133,0.0012129901236749142,8.014344232273805,8.010000418256187,17,0.85,0,2671
134,0.001200860222438165,8.014366683382885,8.010000418256187,17,0.85,0,2691
135,0.0011888516202137834,8.014548450083138,8.010000418256187,17,0.85,0,2711
136,0.0011769631040116455,8.01275812505167,8.010000418256187,15,0.75,0,2731
137,0.001165193472971529,8.012854432029249,8.010000418256187,16,0.8,0,2751
138,0.0011535415382418136,8.012550462226665,8.010000418256187,16,0.8,0,2771
139,0.0011420061228593955,8.01250382388763,8.010000418256187,18,0.9,0,2791
140,0.0011305860616308016,8.012489603188175,8.010000418256187,18,0.9,0,2811
141,0.0011192802010144935,8.012489603188175,8.010000418256187,17,0.85,0,2831
142,0.0011080873990043487,8.012489603188175,8.010000418256187,17,0.85,0,2851
143,0.0010970065250143052,8.012172316283722,8.010000418256187,15,0.75,0,2871
144,0.0010860364597641621,8.012172316283722,8.010000418256187,18,0.9,0,2891
145,0.0010751760951665205,8.012114961647136,8.010000418256187,19,0.95,0,2911
146,0.0010644243342148552,8.011648023145147,8.010000418256187,17,0.85,0,2931
147,0.0010537800908727067,8.011591030281418,8.010000418256187,18,0.9,0,2951
148,0.0010432422899639797,8.011597423758918,8.010000418256187,17,0.85,0,2971
149,0.0010328098670643398,8.011597423758918,8.010000418256187,13,0.65,0,2991
150,0.0010224817683936963,8.011597423758918,8.010000418256187,12,0.6,0,3011
151,0.0010122569507097594,8.010889355974784,8.010000418256187,18,0.9,0,3031
152,0.001002134381202662,8.01244306790787,8.010000418256187,17,0.85,0,3051
153,0.0009921130373906353,8.012207457891813,8.010000418256187,14,0.7,0,3071
154,0.000982191907016729,8.012207457891813,8.010000418256187,15,0.75,0,3091
155,0.0009723699879465616,8.011931215097874,8.010000418256187,14,0.7,0,3111
156,0.0009626462880670961,8.011931215097874,8.010000418256187,14,0.7,0,3131
157,0.0009530198251864251,8.011973390969146,8.010000418256187,16,0.8,0,3151
158,0.0009434896269345608,8.011853861183445,8.010000418256187,17,0.85,0,3171
159,0.0009340547306652152,8.011853861183445,8.010000418256187,18,0.9,0,3191
160,0.000924714183358563,8.011948249922208,8.010000418256187,20,1.0,0,3211
161,0.0009154670415249774,8.011846427687788,8.010000418256187,16,0.8,0,3231
162,0.0009063123711097275,8.011846427687788,8.010000418256187,16,0.8,0,3251
163,0.0008972492473986303,8.011658563311528,8.010000418256187,16,0.8,0,3271
164,0.000888276754924644,8.01170248161313,8.010000418256187,18,0.9,0,3291
165,0.0008793939873753975,8.01201529771863,8.010000418256187,16,0.8,0,3311
166,0.0008706000475016435,8.01201529771863,8.010000418256187,19,0.95,0,3331
167,0.000861894047026627,8.011826979508388,8.010000418256187,17,0.85,0,3351
168,0.0008532751065563608,8.0127482449243,8.010000418256187,15,0.75,0,3371
169,0.0008447423554907972,8.011447079842245,8.010000418256187,11,0.55,0,3391
170,0.0008362949319358891,8.01153261216111,8.010000418256187,13,0.65,0,3411
171,0.0008279319826165302,8.011589568510376,8.010000418256187,11,0.55,0,3431
172,0.0008196526627903649,8.01006405913405,8.010000418256187,17,0.85,0,3451
173,0.0008114561361624613,8.010038000527366,8.010000418256187,15,0.75,0,3471
174,0.0008033415748008367,8.010583177854315,8.010000418256187,15,0.75,0,3491
175,0.0007953081590528283,8.010681214186402,8.009905166879992,14,0.7,1,3511
176,0.0007873550774623,8.011360806801802,8.009905166879992,16,0.8,0,3531
177,0.000779481526687677,8.011317530786961,8.009905166879992,17,0.85,0,3551
178,0.0007716867114208003,8.009484252169372,8.009484252169372,16,0.8,1,3571
179,0.0007639698443065923,8.009484252169372,8.009484252169372,13,0.65,0,3591
180,0.0007563301458635264,8.009486933252225,8.009484252169372,18,0.9,0,3611
181,0.0007487668444048912,8.00984055384839,8.009484252169372,15,0.75,0,3631
182,0.0007412791759608422,8.009642849215396,8.009484252169372,16,0.8,0,3651
183,0.0007338663842012338,8.010236695383664,8.009484252169372,18,0.9,0,3671
184,0.0007265277203592214,8.010215896674692,8.009484252169372,17,0.85,0,3691
185,0.0007192624431556292,8.010698758985598,8.009484252169372,17,0.85,0,3711
186,0.0007120698187240729,8.00994558707064,8.009484252169372,16,0.8,0,3731
187,0.0007049491205368321,8.009500078437567,8.009484252169372,12,0.6,0,3751
188,0.0006978996293314638,8.009538145390211,8.009484252169372,16,0.8,0,3771
189,0.0006909206330381492,8.009538145390211,8.009484252169372,14,0.7,0,3791
190,0.0006840114267077676,8.010764497709244,8.009484252169372,17,0.85,0,3811
191,0.0006771713124406899,8.010315699379069,8.009484252169372,17,0.85,0,3831
192,0.000670399599316283,8.010315699379069,8.009484252169372,16,0.8,0,3851
193,0.0006636956033231201,8.010315699379069,8.009484252169372,17,0.85,0,3871
194,0.000657058647289889,8.010315699379069,8.009484252169372,11,0.55,0,3891
195,0.0006504880608169901,8.010315699379069,8.009484252169372,19,0.95,0,3911
196,0.0006439831802088202,8.010315699379069,8.009484252169372,15,0.75,0,3931
197,0.000637543348406732,8.009654941006765,8.009291190645564,19,0.95,1,3951
198,0.0006311679149226647,8.009654941006765,8.009291190645564,17,0.85,0,3971
199,0.0006248562357734381,8.010484689214845,8.009291190645564,19,0.95,0,3991
200,0.0006186076734157037,8.01037824950502,8.009291190645564,17,0.85,0,4011
201,0.0006124215966815467,8.009970986782227,8.009291190645564,19,0.95,0,4031
202,0.0006062973807147312,8.009970986782227,8.009291190645564,13,0.65,0,4051
203,0.0006002344069075839,8.009855095907211,8.009291190645564,16,0.8,0,4071
204,0.000594232062838508,8.009970986782227,8.009291190645564,14,0.7,0,4091
205,0.000588289742210123,8.009855095907211,8.009291190645564,14,0.7,0,4111
206,0.0005824068447880217,8.01092537722264,8.009291190645564,15,0.75,0,4131
207,0.0005765827763401414,8.011080018352196,8.009291190645564,17,0.85,0,4151
208,0.00057081694857674,8.010994123053283,8.009291190645564,15,0.75,0,4171
209,0.0005651087790909725,8.010793609780096,8.009291190645564,15,0.75,0,4191
210,0.0005594576913000628,8.010793609780096,8.009291190645564,15,0.75,0,4211
211,0.0005538631143870622,8.010775299988008,8.009291190645564,17,0.85,0,4231
212,0.0005483244832431917,8.010775299988008,8.009291190645564,15,0.75,0,4251
213,0.0005428412384107597,8.009771602447875,8.009291190645564,13,0.65,0,4271
214,0.0005374128260266522,8.00979032559665,8.009291190645564,15,0.75,0,4291
215,0.0005320386977663857,8.009802205066858,8.009291190645564,16,0.8,0,4311
216,0.0005267183107887218,8.009782106310421,8.009291190645564,15,0.75,0,4331
217,0.0005214511276808346,8.009993058678491,8.009291190645564,17,0.85,0,4351
218,0.0005162366164040262,8.009709512005754,8.009291190645564,17,0.85,0,4371
219,0.000511074250239986,8.009709512005754,8.009291190645564,17,0.85,0,4391
220,0.0005059635077375861,8.009709512005754,8.009291190645564,18,0.9,0,4411
221,0.0005009038726602103,8.009803986506537,8.009291190645564,17,0.85,0,4431
222,0.0004958948339336081,8.009930856552327,8.009291190645564,14,0.7,0,4451
223,0.000490935885594272,8.009803986506537,8.009291190645564,13,0.65,0,4471
224,0.0004860265267383293,8.009803986506537,8.009291190645564,13,0.65,0,4491
225,0.000481166261470946,8.010045490745531,8.009291190645564,16,0.8,0,4511
226,0.00047635459885623653,8.010062713841872,8.009291190645564,13,0.65,0,4531
227,0.00047159105286767415,8.010033272703993,8.009291190645564,16,0.8,0,4551
228,0.0004668751423389974,8.00992591164144,8.009291190645564,13,0.65,0,4571
229,0.00046220639091560745,8.00992591164144,8.009291190645564,14,0.7,0,4591
