node_id,name,bus,groups,group,group_labels,station_nc,jurisdiction,v_nom_kv,latitude,longitude,membership_count,source
0,Ardnacrusha,1021,"(8, 9, 17, 40)",8,IE-W-1|IE-W-2|IE-SW-1|IE-ALL,ARDNACRUSHA,IE,110.0,52.7049873,-8.6163685,4,EirGrid/SONI WDT Constraint Group Overview 2024-02-01
1,Ardnagappary,1571,"(1, 3, 4, 5, 6, 9, 40)",1,IE-NW-1|IE-NW-3|IE-NW-4|IE-NW-5|IE-NW-6|IE-W-2|IE-ALL,ARDNAGAPPARY,IE,110.0,55.0566404,-8.2688178,7,EirGrid/SONI WDT Constraint Group Overview 2024-02-01
2,Arklow,1121,"(30, 40)",30,IE-SE-1|IE-ALL,ARKLOW,IE,110.0,52.8151839,-6.147732,2,EirGrid/SONI WDT Constraint Group Overview 2024-02-01
3,Athea,1131,"(9, 17, 25, 40)",9,IE-W-2|IE-SW-1|IE-SW-7|IE-ALL,ATHEA,IE,110.0,52.43755,-9.3004089,4,EirGrid/SONI WDT Constraint Group Overview 2024-02-01
4,Ballylickey,1281,"(9, 17, 22, 23, 26, 31, 40)",9,IE-W-2|IE-SW-1|IE-SW-4|IE-SW-5|IE-SW-8|IE-SE-2|IE-ALL,BALLYLICKEY,IE,110.0,51.7239932,-9.4296621,7,EirGrid/SONI WDT Constraint Group Overview 2024-02-01
5,Ballywater,1231,"(30, 33, 40)",30,IE-SE-1|IE-SE-4|IE-ALL,BALLYWATER,IE,110.0,52.5378526,-6.2495207,3,EirGrid/SONI WDT Constraint Group Overview 2024-02-01
6,Bandon,1441,"(9, 17, 31, 40)",9,IE-W-2|IE-SW-1|IE-SE-2|IE-ALL,BANDON,IE,110.0,51.7739278,-8.733195,4,EirGrid/SONI WDT Constraint Group Overview 2024-02-01
7,Banoge,1541,"(30, 33, 40)",30,IE-SE-1|IE-SE-4|IE-ALL,BANOGE,IE,110.0,52.6502648,-6.2725523,3,EirGrid/SONI WDT Constraint Group Overview 2024-02-01
8,Barrymore,1461,"(9, 29, 31, 40)",9,IE-W-2|IE-SW-11|IE-SE-2|IE-ALL,BARRYMORE,IE,110.0,52.0958683,-8.2546807,4,EirGrid/SONI WDT Constraint Group Overview 2024-02-01
9,Binbane,1341,"(1, 3, 4, 5, 6, 9, 40)",1,IE-NW-1|IE-NW-3|IE-NW-4|IE-NW-5|IE-NW-6|IE-W-2|IE-ALL,BINBANE,IE,110.0,54.7189369,-8.2634291,7,EirGrid/SONI WDT Constraint Group Overview 2024-02-01
10,Boggeragh,1551,"(9, 17, 23, 26, 31, 40)",9,IE-W-2|IE-SW-1|IE-SW-5|IE-SW-8|IE-SE-2|IE-ALL,BOGGERAGH,IE,110.0,52.0384891,-8.9086408,6,EirGrid/SONI WDT Constraint Group Overview 2024-02-01
11,Booltiagh,1251,"(8, 9, 17, 40)",8,IE-W-1|IE-W-2|IE-SW-1|IE-ALL,BOOLTIAGH,IE,110.0,52.7756037,-9.240483,4,EirGrid/SONI WDT Constraint Group Overview 2024-02-01
12,Buffy,20900,"(8, 9, 10, 40)",8,IE-W-1|IE-W-2|IE-W-3|IE-ALL,BUFFY,IE,110.0,53.3580797,-9.2937884,4,EirGrid/SONI WDT Constraint Group Overview 2024-02-01
13,Carlow,1901,"(31, 40)",31,IE-SE-2|IE-ALL,CARLOW,IE,110.0,52.8325066,-6.8445771,2,EirGrid/SONI WDT Constraint Group Overview 2024-02-01
14,Carrigdangan,3891,"(9, 17, 23, 26, 31, 40)",9,IE-W-2|IE-SW-1|IE-SW-5|IE-SW-8|IE-SE-2|IE-ALL,CARRIGDANGAN,IE,110.0,51.8043751,-9.1207652,6,EirGrid/SONI WDT Constraint Group Overview 2024-02-01
15,Castlebar,1661,"(4, 8, 9, 13, 40)",4,IE-NW-4|IE-W-1|IE-W-2|IE-W-6|IE-ALL,CASTLEBAR,IE,110.0,53.8665266,-9.2692746,5,EirGrid/SONI WDT Constraint Group Overview 2024-02-01
16,Castledockrell,1991,"(30, 33, 40)",30,IE-SE-1|IE-SE-4|IE-ALL,CASTLEDOCKRE,IE,110.0,52.5904745,-6.6343018,3,EirGrid/SONI WDT Constraint Group Overview 2024-02-01
17,Cathaleen’s Fall,17010,"(3, 4, 5, 9, 40)",3,IE-NW-3|IE-NW-4|IE-NW-5|IE-W-2|IE-ALL,CATH FALL,IE,110.0,54.4987533,-8.1769822,5,EirGrid/SONI WDT Constraint Group Overview 2024-02-01
18,Cauteen,5271,"(8, 9, 11, 29, 31, 40)",8,IE-W-1|IE-W-2|IE-W-4|IE-SW-11|IE-SE-2|IE-ALL,CAUTEEN,IE,110.0,52.5375573,-8.1938573,6,EirGrid/SONI WDT Constraint Group Overview 2024-02-01
19,Charleville,1881,"(9, 21, 40)",9,IE-W-2|IE-SW-3C|IE-ALL,CHARLEVILLE,IE,110.0,52.3301844,-8.6941349,3,EirGrid/SONI WDT Constraint Group Overview 2024-02-01
20,Clahane,1651,"(9, 17, 25, 27, 28, 40)",9,IE-W-2|IE-SW-1|IE-SW-7|IE-SW-9|IE-SW-10|IE-ALL,CLAHANE,IE,110.0,52.3787738,-9.548026,6,EirGrid/SONI WDT Constraint Group Overview 2024-02-01
21,Cloghboola,1511,"(9, 17, 25, 27, 28, 40)",9,IE-W-2|IE-SW-1|IE-SW-7|IE-SW-9|IE-SW-10|IE-ALL,CLOGHBOOLA,IE,110.0,52.3305984,-9.4380864,6,EirGrid/SONI WDT Constraint Group Overview 2024-02-01
22,Coolnanoonagh,3481,"(9, 17, 40)",9,IE-W-2|IE-SW-1|IE-ALL,COOLNANOONAG,IE,110.0,52.5801792,-9.3963977,3,EirGrid/SONI WDT Constraint Group Overview 2024-02-01
23,Coomagearlaghy,1971,"(9, 17, 23, 26, 31, 40)",9,IE-W-2|IE-SW-1|IE-SW-5|IE-SW-8|IE-SE-2|IE-ALL,COOMAGEARLAH,IE,110.0,51.9385387,-9.311485,6,EirGrid/SONI WDT Constraint Group Overview 2024-02-01
24,Coomataggart,6201,"(9, 17, 23, 24, 26, 31, 40)",9,IE-W-2|IE-SW-1|IE-SW-5|IE-SW-6|IE-SW-8|IE-SE-2|IE-ALL,COOMATAGGART,IE,110.0,51.8735614,-9.3145611,7,EirGrid/SONI WDT Constraint Group Overview 2024-02-01
25,Cordal,1311,"(9, 17, 23, 24, 25, 26, 40)",9,IE-W-2|IE-SW-1|IE-SW-5|IE-SW-6|IE-SW-7|IE-SW-8|IE-ALL,CORDAL,IE,110.0,52.2145657,-9.2855811,7,EirGrid/SONI WDT Constraint Group Overview 2024-02-01
26,Corderry,1631,"(3, 4, 5, 7, 8, 9, 40)",3,IE-NW-3|IE-NW-4|IE-NW-5|IE-NW-7|IE-W-1|IE-W-2|IE-ALL,CORDERRY,IE,110.0,54.1988681,-8.197639,7,EirGrid/SONI WDT Constraint Group Overview 2024-02-01
27,Crane,1841,"(30, 33, 40)",30,IE-SE-1|IE-SE-4|IE-ALL,CRANE,IE,110.0,52.5323772,-6.5144397,3,EirGrid/SONI WDT Constraint Group Overview 2024-02-01
28,Crory,36411,"(30, 33, 40)",30,IE-SE-1|IE-SE-4|IE-ALL,CRORY,IE,110.0,52.579165,-6.5358105,3,EirGrid/SONI WDT Constraint Group Overview 2024-02-01
29,Cunghill,1931,"(3, 4, 5, 8, 9, 13, 15, 40)",3,IE-NW-3|IE-NW-4|IE-NW-5|IE-W-1|IE-W-2|IE-W-6|IE-W-8|IE-ALL,CUNGHILL,IE,110.0,54.1111523,-8.6491987,8,EirGrid/SONI WDT Constraint Group Overview 2024-02-01
30,Dallow,2241,"(8, 9, 40)",8,IE-W-1|IE-W-2|IE-ALL,DALLOW,IE,110.0,53.1259869,-7.928076,3,EirGrid/SONI WDT Constraint Group Overview 2024-02-01
31,Dalton,2281,"(4, 8, 9, 13, 40)",4,IE-NW-4|IE-W-1|IE-W-2|IE-W-6|IE-ALL,DALTON_A1,IE,110.0,53.8665266,-9.2692746,5,EirGrid/SONI WDT Constraint Group Overview 2024-02-01
32,Derrybrien,2231,"(8, 9, 17, 40)",8,IE-W-1|IE-W-2|IE-SW-1|IE-ALL,DERRYBRIEN,IE,110.0,53.0367354,-8.5499195,4,EirGrid/SONI WDT Constraint Group Overview 2024-02-01
33,Dromada,2131,"(9, 17, 25, 40)",9,IE-W-2|IE-SW-1|IE-SW-7|IE-ALL,DROMADA,IE,110.0,52.4434711,-9.2344983,4,EirGrid/SONI WDT Constraint Group Overview 2024-02-01
34,Dunmanway,2221,"(9, 17, 23, 26, 31, 40)",9,IE-W-2|IE-SW-1|IE-SW-5|IE-SW-8|IE-SE-2|IE-ALL,DUNMANWAY,IE,110.0,51.7232312,-9.0897487,6,EirGrid/SONI WDT Constraint Group Overview 2024-02-01
35,Gallanstown,2791,"(35, 40)",35,IE-NE-2|IE-ALL,GALLANSTOWN,IE,110.0,53.450696,-6.3653809,2,EirGrid/SONI WDT Constraint Group Overview 2024-02-01
36,Garballagh,2691,"(35, 40)",35,IE-NE-2|IE-ALL,GARBALLAGH,IE,110.0,53.6572305,-6.4586834,2,EirGrid/SONI WDT Constraint Group Overview 2024-02-01
37,Garrow,2771,"(9, 17, 23, 24, 26, 31, 40)",9,IE-W-2|IE-SW-1|IE-SW-5|IE-SW-6|IE-SW-8|IE-SE-2|IE-ALL,GARROW,IE,110.0,52.0026938,-9.131237,7,EirGrid/SONI WDT Constraint Group Overview 2024-02-01
38,Garvagh,2671,"(3, 4, 5, 7, 8, 9, 36, 39, 40)",3,IE-NW-3|IE-NW-4|IE-NW-5|IE-NW-7|IE-W-1|IE-W-2|NI-1|NI-5|IE-ALL,GARVAGH,IE,110.0,54.1504588,-8.1924874,9,EirGrid/SONI WDT Constraint Group Overview 2024-02-01
39,Glanlee,2731,"(9, 17, 23, 26, 31, 40)",9,IE-W-2|IE-SW-1|IE-SW-5|IE-SW-8|IE-SE-2|IE-ALL,GLANLEE,IE,110.0,51.925463,-9.3067693,6,EirGrid/SONI WDT Constraint Group Overview 2024-02-01
40,Glenlara,2881,"(9, 19, 20, 21, 40)",9,IE-W-2|IE-SW-3A|IE-SW-3B|IE-SW-3C|IE-ALL,GLENLARA,IE,110.0,52.2053487,-9.023808,5,EirGrid/SONI WDT Constraint Group Overview 2024-02-01
41,Glenree,4371,"(3, 4, 5, 8, 9, 13, 15, 40)",3,IE-NW-3|IE-NW-4|IE-NW-5|IE-W-1|IE-W-2|IE-W-6|IE-W-8|IE-ALL,GLENREE,IE,110.0,54.1053454,-8.9893244,8,EirGrid/SONI WDT Constraint Group Overview 2024-02-01
42,Great Island,2741,"(30, 40)",30,IE-SE-1|IE-ALL,GREAT ISLAND,IE,110.0,52.2815845,-6.99172,2,EirGrid/SONI WDT Constraint Group Overview 2024-02-01
43,Ikerrin,3101,"(8, 9, 16, 31, 40)",8,IE-W-1|IE-W-2|IE-W-9|IE-SE-2|IE-ALL,IKERRIN,IE,110.0,52.91857,-7.7713595,5,EirGrid/SONI WDT Constraint Group Overview 2024-02-01
44,Kilcumber,1671,"(32, 40)",32,IE-SE-3|IE-ALL,KILCUMBER,IE,110.0,53.2901576,-7.092703,2,EirGrid/SONI WDT Constraint Group Overview 2024-02-01
45,Kill Hill,2391,"(8, 9, 16, 29, 31, 40)",8,IE-W-1|IE-W-2|IE-W-9|IE-SW-11|IE-SE-2|IE-ALL,KILL HILL,IE,110.0,52.5172741,-7.8209426,6,EirGrid/SONI WDT Constraint Group Overview 2024-02-01
46,Kilpaddoge,3461,"(9, 17, 40)",9,IE-W-2|IE-SW-1|IE-ALL,KILPADDOGE,IE,110.0,52.5801792,-9.3963977,3,EirGrid/SONI WDT Constraint Group Overview 2024-02-01
47,Knockacummer,3391,"(9, 19, 20, 21, 40)",9,IE-W-2|IE-SW-3A|IE-SW-3B|IE-SW-3C|IE-ALL,KNOCKACUMMER,IE,110.0,52.2595355,-9.1006362,5,EirGrid/SONI WDT Constraint Group Overview 2024-02-01
48,Knockalough,2171,"(8, 9, 10, 40)",8,IE-W-1|IE-W-2|IE-W-3|IE-ALL,KNOCKALOUGH,IE,110.0,53.3058138,-9.2491169,4,EirGrid/SONI WDT Constraint Group Overview 2024-02-01
49,Knockearagh,3301,"(9, 17, 23, 26, 40)",9,IE-W-2|IE-SW-1|IE-SW-5|IE-SW-8|IE-ALL,KNOCKEARAGH,IE,110.0,52.0764652,-9.4387403,5,EirGrid/SONI WDT Constraint Group Overview 2024-02-01
50,Lenalea,3591,"(1, 3, 4, 5, 6, 9, 40)",1,IE-NW-1|IE-NW-3|IE-NW-4|IE-NW-5|IE-NW-6|IE-W-2|IE-ALL,LENALEA,IE,110.0,54.9028813,-7.8642829,7,EirGrid/SONI WDT Constraint Group Overview 2024-02-01
51,Lisheen,3621,"(8, 9, 12, 16, 29, 31, 40)",8,IE-W-1|IE-W-2|IE-W-5|IE-W-9|IE-SW-11|IE-SE-2|IE-ALL,LISHEEN,IE,110.0,52.7513555,-7.6819128,7,EirGrid/SONI WDT Constraint Group Overview 2024-02-01
52,Macroom,3881,"(9, 17, 23, 31, 40)",9,IE-W-2|IE-SW-1|IE-SW-5|IE-SE-2|IE-ALL,MACROOM,IE,110.0,51.8957884,-8.8921962,5,EirGrid/SONI WDT Constraint Group Overview 2024-02-01
53,Meentycat,4071,"(2, 3, 4, 5, 6, 9, 40)",2,IE-NW-2|IE-NW-3|IE-NW-4|IE-NW-5|IE-NW-6|IE-W-2|IE-ALL,MEENTYCAT,IE,110.0,54.8676656,-7.842446,7,EirGrid/SONI WDT Constraint Group Overview 2024-02-01
54,Midleton,3801,"(9, 31, 40)",9,IE-W-2|IE-SE-2|IE-ALL,MIDLETON,IE,110.0,51.9376618,-8.1872013,3,EirGrid/SONI WDT Constraint Group Overview 2024-02-01
55,Moneypoint,3941,"(8, 9, 17, 40)",8,IE-W-1|IE-W-2|IE-SW-1|IE-ALL,MONEYPOINT,IE,110.0,52.6103965,-9.4216875,4,EirGrid/SONI WDT Constraint Group Overview 2024-02-01
56,Mount Lucas,2401,"(32, 40)",32,IE-SE-3|IE-ALL,MOUNT LUCAS,IE,110.0,53.262337,-7.2520289,2,EirGrid/SONI WDT Constraint Group Overview 2024-02-01
57,Moy,4041,"(3, 4, 8, 9, 13, 14, 15, 40)",3,IE-NW-3|IE-NW-4|IE-W-1|IE-W-2|IE-W-6|IE-W-7|IE-W-8|IE-ALL,MOY,IE,110.0,54.1232614,-9.1879038,8,EirGrid/SONI WDT Constraint Group Overview 2024-02-01
58,Mulreavy,4091,"(3, 4, 5, 6, 9, 40)",3,IE-NW-3|IE-NW-4|IE-NW-5|IE-NW-6|IE-W-2|IE-ALL,MULREAVY,IE,110.0,54.6644867,-7.9692346,6,EirGrid/SONI WDT Constraint Group Overview 2024-02-01
59,Oughtragh,4361,"(9, 17, 40)",9,IE-W-2|IE-SW-1|IE-ALL,OUGHTRAGH,IE,110.0,52.136625,-9.6927788,3,EirGrid/SONI WDT Constraint Group Overview 2024-02-01
60,Rathkeale,4681,"(8, 9, 17, 18, 40)",8,IE-W-1|IE-W-2|IE-SW-1|IE-SW-2|IE-ALL,RATHKEALE,IE,110.0,52.5436993,-8.9685536,5,EirGrid/SONI WDT Constraint Group Overview 2024-02-01
61,Ratrussan,4781,"(34, 40)",34,IE-NE-1|IE-ALL,RATRUSSAN,IE,110.0,54.0013256,-7.1060697,2,EirGrid/SONI WDT Constraint Group Overview 2024-02-01
62,Reamore,3251,"(9, 17, 40)",9,IE-W-2|IE-SW-1|IE-ALL,REAMORE,IE,110.0,52.302124,-9.5436255,3,EirGrid/SONI WDT Constraint Group Overview 2024-02-01
63,Rosspile,5451,"(30, 40)",30,IE-SE-1|IE-ALL,ROSSPILE,IE,110.0,52.3018955,-6.7423279,2,EirGrid/SONI WDT Constraint Group Overview 2024-02-01
64,Salthill,4951,"(8, 9, 10, 40)",8,IE-W-1|IE-W-2|IE-W-3|IE-ALL,SALTHILL,IE,110.0,53.2741041,-9.0793907,4,EirGrid/SONI WDT Constraint Group Overview 2024-02-01
65,Shankill,4961,"(34, 40)",34,IE-NE-1|IE-ALL,SHANKILL,IE,110.0,53.9987866,-7.2988808,2,EirGrid/SONI WDT Constraint Group Overview 2024-02-01
66,Sliabh Bawn,66094,"(4, 5, 8, 9, 40)",4,IE-NW-4|IE-NW-5|IE-W-1|IE-W-2|IE-ALL,SLIABH BAWN,IE,110.0,53.7511805,-8.0518963,5,EirGrid/SONI WDT Constraint Group Overview 2024-02-01
67,Slieve Callan,23610,"(8, 9, 17, 40)",8,IE-W-1|IE-W-2|IE-SW-1|IE-ALL,SLIEVECALLAN,IE,110.0,52.8288117,-9.2836999,4,EirGrid/SONI WDT Constraint Group Overview 2024-02-01
68,Sligo,4981,"(3, 4, 5, 8, 9, 40)",3,IE-NW-3|IE-NW-4|IE-NW-5|IE-W-1|IE-W-2|IE-ALL,SLIGO,IE,110.0,54.2412252,-8.4672217,6,EirGrid/SONI WDT Constraint Group Overview 2024-02-01
69,Sorne Hill,4991,"(1, 3, 4, 5, 6, 9, 40)",1,IE-NW-1|IE-NW-3|IE-NW-4|IE-NW-5|IE-NW-6|IE-W-2|IE-ALL,SORNE HILL,IE,110.0,55.1313547,-7.3684232,7,EirGrid/SONI WDT Constraint Group Overview 2024-02-01
70,Srahnakilly,14013,"(4, 8, 9, 13, 14, 15, 40)",4,IE-NW-4|IE-W-1|IE-W-2|IE-W-6|IE-W-7|IE-W-8|IE-ALL,SRAHNAKILLY,IE,110.0,54.1205007,-9.5787377,7,EirGrid/SONI WDT Constraint Group Overview 2024-02-01
71,Tawnaghmore,5241,"(3, 4, 8, 9, 13, 14, 15, 40)",3,IE-NW-3|IE-NW-4|IE-W-1|IE-W-2|IE-W-6|IE-W-7|IE-W-8|IE-ALL,TAWNAGHMORE,IE,110.0,54.1918026,-9.2178772,8,EirGrid/SONI WDT Constraint Group Overview 2024-02-01
72,Thurles,5301,"(8, 9, 16, 29, 31, 40)",8,IE-W-1|IE-W-2|IE-W-9|IE-SW-11|IE-SE-2|IE-ALL,THURLES,IE,110.0,52.6919962,-7.7642805,6,EirGrid/SONI WDT Constraint Group Overview 2024-02-01
73,Tobertoreen,11310,"(9, 17, 25, 40)",9,IE-W-2|IE-SW-1|IE-SW-7|IE-ALL,TOBERTOREEN,IE,110.0,52.43755,-9.3004089,4,EirGrid/SONI WDT Constraint Group Overview 2024-02-01
74,Tralee,5281,"(9, 17, 40)",9,IE-W-2|IE-SW-1|IE-ALL,TRALEE,IE,110.0,52.2890467,-9.6740021,3,EirGrid/SONI WDT Constraint Group Overview 2024-02-01
75,Trien,5261,"(9, 17, 25, 27, 28, 40)",9,IE-W-2|IE-SW-1|IE-SW-7|IE-SW-9|IE-SW-10|IE-ALL,TRIEN,IE,110.0,52.4245772,-9.426115,6,EirGrid/SONI WDT Constraint Group Overview 2024-02-01
76,Trillick,5361,"(1, 3, 4, 5, 6, 9, 40)",1,IE-NW-1|IE-NW-3|IE-NW-4|IE-NW-5|IE-NW-6|IE-W-2|IE-ALL,TRILLICK,IE,110.0,55.1127756,-7.4186417,7,EirGrid/SONI WDT Constraint Group Overview 2024-02-01
77,Tullabrack,5221,"(8, 9, 17, 40)",8,IE-W-1|IE-W-2|IE-SW-1|IE-ALL,TULLABRACK,IE,110.0,52.6730693,-9.4791123,4,EirGrid/SONI WDT Constraint Group Overview 2024-02-01
78,Uggool,2111,"(8, 9, 10, 40)",8,IE-W-1|IE-W-2|IE-W-3|IE-ALL,UGGOOL,IE,110.0,53.3536722,-9.3355257,4,EirGrid/SONI WDT Constraint Group Overview 2024-02-01
79,Waterford,5441,"(30, 40)",30,IE-SE-1|IE-ALL,WATERFORD,IE,110.0,52.2633036,-7.1249367,2,EirGrid/SONI WDT Constraint Group Overview 2024-02-01
80,Wexford,5501,"(30, 40)",30,IE-SE-1|IE-ALL,WEXFORD,IE,110.0,52.3403641,-6.5394499,2,EirGrid/SONI WDT Constraint Group Overview 2024-02-01
81,Woodhouse,6931,"(31, 40)",31,IE-SE-2|IE-ALL,WOODHOUSE,IE,110.0,52.0822332,-7.7706666,2,EirGrid/SONI WDT Constraint Group Overview 2024-02-01
82,Aghyoule,70010,"(37, 38, 41)",37,NI-2|NI-3|NI-4,AGHYOULE,NI,110.0,54.1627134,-7.5851248,3,EirGrid/SONI WDT Constraint Group Overview 2024-02-01
83,Brockaghboy,73500,"(36, 39, 41)",36,NI-1|NI-5|NI-4,BROCK1,NI,110.0,54.9371278,-6.7382085,3,EirGrid/SONI WDT Constraint Group Overview 2024-02-01
84,Coleraine,75010,"(36, 39, 41)",36,NI-1|NI-5|NI-4,COLE1,NI,110.0,55.1094142,-6.6873926,3,EirGrid/SONI WDT Constraint Group Overview 2024-02-01
85,Coolkeeragh,75510,"(36, 41)",36,NI-1|NI-4,COOL1,NI,110.0,55.0424072,-7.2472407,2,EirGrid/SONI WDT Constraint Group Overview 2024-02-01
86,Drumquin,77210,"(37, 38, 41)",37,NI-2|NI-3|NI-4,DRUMQUIN,NI,110.0,54.575301,-7.4862623,3,EirGrid/SONI WDT Constraint Group Overview 2024-02-01
87,Enniskillen,79017,"(37, 38, 41)",37,NI-2|NI-3|NI-4,ENNISKILLEN,NI,110.0,54.3671413,-7.6326094,3,EirGrid/SONI WDT Constraint Group Overview 2024-02-01
88,Gort,80710,"(37, 41)",37,NI-2|NI-4,GORT,NI,110.0,54.4851717,-7.1171035,2,EirGrid/SONI WDT Constraint Group Overview 2024-02-01
89,Killymallaght,81810,"(37, 41)",37,NI-2|NI-4,KILL1-CL,NI,110.0,54.9474449,-7.3389711,2,EirGrid/SONI WDT Constraint Group Overview 2024-02-01
90,Limavady,83510,"(36, 39, 41)",36,NI-1|NI-5|NI-4,LIMA1,NI,110.0,55.0242354,-6.9158482,3,EirGrid/SONI WDT Constraint Group Overview 2024-02-01
91,Lisaghmore,84411,"(36, 41)",36,NI-1|NI-4,LSMR1,NI,110.0,54.9806374,-7.3049906,2,EirGrid/SONI WDT Constraint Group Overview 2024-02-01
92,Loguestown,84511,"(36, 39, 41)",36,NI-1|NI-5|NI-4,LOGE1,NI,110.0,55.1478388,-6.6561595,3,EirGrid/SONI WDT Constraint Group Overview 2024-02-01
93,Magherakeel,85510,"(37, 41)",37,NI-2|NI-4,MAKL1-CL,NI,110.0,54.5779193,-7.2810517,2,EirGrid/SONI WDT Constraint Group Overview 2024-02-01
94,Omagh,87510,"(37, 41)",37,NI-2|NI-4,OMAH1,NI,110.0,54.5779193,-7.2810517,2,EirGrid/SONI WDT Constraint Group Overview 2024-02-01
95,Rasharkin,87900,"(36, 39, 41)",36,NI-1|NI-5|NI-4,RASHARK1,NI,110.0,54.9500765,-6.530321399999999,3,EirGrid/SONI WDT Constraint Group Overview 2024-02-01
96,Slieve Kirk,89210,"(37, 41)",37,NI-2|NI-4,SKRK1,NI,110.0,54.9474449,-7.3389711,2,EirGrid/SONI WDT Constraint Group Overview 2024-02-01
97,Strabane,89510,"(37, 41)",37,NI-2|NI-4,STRABANE,NI,110.0,54.8524826,-7.4307015,2,EirGrid/SONI WDT Constraint Group Overview 2024-02-01
98,Tremoge,90210,"(37, 41)",37,NI-2|NI-4,TREM,NI,110.0,54.5449324,-6.9813654,2,EirGrid/SONI WDT Constraint Group Overview 2024-02-01
